route,route_type,week_of,total_cost,total_tonne_km,cost_per_tonne_km,own_history_avg,vs_own_history_pct,peer_avg,vs_similar_routes_pct,is_flagged
Ahmedabad-Mumbai,Medium,2024-01-01,65994,26442.19,2.495784199417673,,,2.598211223154354,-3.9,False
Ahmedabad-Mumbai,Medium,2024-01-08,114257,44419.41,2.5722313736269795,2.495784199417673,3.1,2.7010030172793957,-4.8,False
Ahmedabad-Mumbai,Medium,2024-01-15,65390,25489.76,2.5653438871138845,2.5340077865223263,1.2,2.5862582241984473,-0.8,False
Ahmedabad-Mumbai,Medium,2024-01-22,120960,45311.09,2.6695451378459447,2.544453153386179,4.9,2.6761636512581863,-0.2,False
Ahmedabad-Mumbai,Medium,2024-01-29,106792,42837.97,2.4929285864853075,2.5757261495011203,-3.2,2.657266577155525,-6.2,False
Ahmedabad-Mumbai,Medium,2024-02-05,47186,18545.07,2.5443958960521584,2.5591666368979578,-0.6,2.676139428693331,-4.9,False
Ahmedabad-Mumbai,Medium,2024-02-12,61181,24717.15,2.475244921036608,2.556704846756991,-3.2,2.7379560592918475,-9.6,False
Ahmedabad-Mumbai,Medium,2024-02-19,76346,30844.01,2.4752293881372758,2.545067714511222,-2.7,2.694367667380092,-8.1,False
Ahmedabad-Mumbai,Medium,2024-02-26,82927,32301.75,2.5672602877553072,2.5363379237144787,1.2,2.6362526942225974,-2.6,False
Ahmedabad-Mumbai,Medium,2024-03-04,102309,40561.72,2.5223042809821674,2.545272434756683,-0.9,2.574685413512512,-2.0,False
Ahmedabad-Mumbai,Medium,2024-03-11,75344,28747.7,2.620870539208354,2.539031548176082,3.2,2.7196630318761104,-3.6,False
Ahmedabad-Mumbai,Medium,2024-03-18,85768,33947.58,2.526483478351034,2.5459723796878904,-0.8,2.641895006856675,-4.4,False
Ahmedabad-Mumbai,Medium,2024-03-25,100958,38159.69,2.645671387791672,2.5280896722510264,4.7,2.703227927145212,-2.1,False
Ahmedabad-Mumbai,Medium,2024-04-01,93785,36685.05,2.5564909956508166,2.547182522414322,0.4,2.612401290749121,-2.1,False
Ahmedabad-Mumbai,Medium,2024-04-08,58831,22703.1,2.5913201280882343,2.5486944098641544,1.7,2.6525744998010783,-2.3,False
Ahmedabad-Mumbai,Medium,2024-04-15,71337,29025.93,2.4576990297985284,2.563203810745608,-4.1,2.649324881915425,-7.2,False
Ahmedabad-Mumbai,Medium,2024-04-22,62938,23521.32,2.6757852025311504,2.5610125159532644,4.5,2.5644774582252503,4.3,False
Ahmedabad-Mumbai,Medium,2024-04-29,77471,30729.53,2.5210603611574927,2.574578130300245,-2.1,2.6339292506359144,-4.3,False
Ahmedabad-Mumbai,Medium,2024-05-06,87371,33617.869999999995,2.5989451443532863,2.5744226403221604,1.0,2.6100416733710077,-0.4,False
Ahmedabad-Mumbai,Medium,2024-05-13,68706,25886.98,2.654075523680244,2.571681965965277,3.2,2.6543086151422046,-0.0,False
Ahmedabad-Mumbai,Medium,2024-05-20,50322,19512.1,2.57901507269848,2.587630971631428,-0.3,2.7007375792941417,-4.5,False
Ahmedabad-Mumbai,Medium,2024-05-27,109179,43769.32,2.4944184648059418,2.5792989322447792,-3.3,2.6616055699302135,-6.3,False
Ahmedabad-Mumbai,Medium,2024-06-03,62381,25124.77,2.4828485992110574,2.5715398658891697,-3.4,2.679583803293766,-7.3,False
Ahmedabad-Mumbai,Medium,2024-06-10,101406,41507.22,2.443093032971132,2.5579809247795224,-4.5,2.5415939719542973,-3.9,False
Ahmedabad-Mumbai,Medium,2024-06-17,60993,24292.57,2.5107676956369787,2.556155175176098,-1.8,2.6934342493783774,-6.8,False
Ahmedabad-Mumbai,Medium,2024-06-24,113404,43289.33,2.6196755643942744,2.5355279868143263,3.3,2.677716521153359,-2.2,False
Ahmedabad-Mumbai,Medium,2024-07-01,72570,27652.26,2.6243786222174967,2.547854887218924,3.0,2.649449583826616,-0.9,False
Ahmedabad-Mumbai,Medium,2024-07-08,122820,47462.21,2.587742964349953,2.5510340719519506,1.4,2.6522734156271683,-2.4,False
Ahmedabad-Mumbai,Medium,2024-07-15,85905,33597.51,2.5568859120809844,2.542742502035664,0.6,2.7296565862333884,-6.3,False
Ahmedabad-Mumbai,Medium,2024-07-22,47248,18716.75,2.524369882591796,2.5399763569584772,-0.6,2.6533141046379485,-4.9,False
Ahmedabad-Mumbai,Medium,2024-07-29,104883,43020.8,2.437960242487355,2.543720284181709,-4.2,2.6796189974142965,-9.0,False
Ahmedabad-Mumbai,Medium,2024-08-05,86376,34354.89,2.51422723228047,2.5381092395912463,-0.9,2.6507238426343402,-5.1,False
Ahmedabad-Mumbai,Medium,2024-08-12,78524,32154.340000000004,2.442096463494508,2.5470010145049136,-4.1,2.6763752939979506,-8.8,False
Ahmedabad-Mumbai,Medium,2024-08-19,75091,28214.36,2.6614461572050545,2.5384171104871047,4.8,2.697186217449425,-1.3,False
Ahmedabad-Mumbai,Medium,2024-08-26,57267,22214.29,2.5779351939674866,2.5436384345884524,1.3,2.594414855137732,-0.6,False
Ahmedabad-Mumbai,Medium,2024-09-02,61677,24576.03,2.50964049116151,2.537833006057201,-1.1,2.5525072586027027,-1.7,False
Ahmedabad-Mumbai,Medium,2024-09-09,97010,38692.65,2.5071945188556484,2.5280701969086454,-0.8,2.6438351975555756,-5.2,False
Ahmedabad-Mumbai,Medium,2024-09-16,78424,30303.57,2.5879459086833663,2.5218587727554787,2.6,2.677638502187811,-3.3,False
Ahmedabad-Mumbai,Medium,2024-09-23,59790,24085.26,2.482431163292404,2.529805776016925,-1.9,2.674396524412785,-7.2,False
Ahmedabad-Mumbai,Medium,2024-09-30,82824,33280.99,2.4886278923794034,2.535364641117556,-1.8,2.667109643640506,-6.7,False
Ahmedabad-Mumbai,Medium,2024-10-07,103576,41561.96,2.492086513725532,2.5321647236299225,-1.6,2.705665035168262,-7.9,False
Ahmedabad-Mumbai,Medium,2024-10-14,93879,37972.38,2.472296969534172,2.5384134799088005,-2.6,2.624774471166008,-5.8,False
Ahmedabad-Mumbai,Medium,2024-10-21,80692,31581.33,2.5550538878508284,2.5147698314499403,1.6,2.6975236541553054,-5.3,False
Ahmedabad-Mumbai,Medium,2024-10-28,76251,28530.51,2.672612582109468,2.5119096681853583,6.4,2.5636175854043306,4.3,False
Ahmedabad-Mumbai,Medium,2024-11-04,70340,27894.01,2.521688348143562,2.532281179553853,-0.4,2.645586105567297,-4.7,False
Ahmedabad-Mumbai,Medium,2024-11-11,108179,41848.78,2.584997698857649,2.534092908214842,2.0,2.6776428125892684,-3.5,False
Ahmedabad-Mumbai,Medium,2024-11-18,47507,18308.1,2.594862383316673,2.5337243819866275,2.4,2.6577780521031613,-2.4,False
Ahmedabad-Mumbai,Medium,2024-11-25,85307,32847.69,2.597047159176185,2.547778284489661,1.9,2.7119285791389096,-4.2,False
Ahmedabad-Mumbai,Medium,2024-12-02,99241,39748.88,2.4966992780677093,2.5613306928392587,-2.5,2.648092983427163,-5.7,False
Ahmedabad-Mumbai,Medium,2024-12-09,91496,36806.82,2.485843656148507,2.561907288382031,-3.0,2.5785335661853224,-3.6,False
Ahmedabad-Mumbai,Medium,2024-12-16,125645,51239.17,2.4521279325953174,2.5636006242088225,-4.3,2.6372613544631416,-7.0,False
Ahmedabad-Mumbai,Medium,2024-12-23,98229,37307.7,2.6329417251666545,2.550734879801884,3.2,2.725940301326445,-3.4,False
Ahmedabad-Mumbai,Medium,2024-12-30,98544,38678.45,2.547775311575309,2.545776022684032,0.1,2.6813390117911258,-5.0,False
Ahmedabad-Mumbai,Medium,2025-01-06,72462,28829.53,2.5134644928307885,2.5490368931130005,-1.4,2.615919596956042,-3.9,False
Ahmedabad-Mumbai,Medium,2025-01-13,103862,39871.55,2.604915033401009,2.540095242359643,2.6,2.610331775765109,-0.2,False
Ahmedabad-Mumbai,Medium,2025-01-20,134631,40916.71,3.290367187391166,2.541351823620185,29.5,2.6861515905915425,22.5,True
Ahmedabad-Mumbai,Medium,2025-01-27,66049,26840.27,2.4608172719573984,2.6280168271470576,-6.4,2.6551868681534376,-7.3,False
Ahmedabad-Mumbai,Medium,2025-02-03,75778,30384.32,2.4939837389811585,2.6235315763832685,-4.9,2.612945262918033,-4.6,False
Ahmedabad-Mumbai,Medium,2025-02-10,108944,44592.24,2.4431156631736823,2.6245490867373498,-6.9,2.677183009508929,-8.7,False
Ahmedabad-Mumbai,Medium,2025-02-17,80830,32229.74,2.5079321148727853,2.623422553059646,-4.4,2.744293120769436,-8.6,False
Ahmedabad-Mumbai,Medium,2025-02-24,51506,20569.870000000003,2.5039535981510816,2.607796351772912,-4.0,3.123179994284497,-19.8,False
Ahmedabad-Mumbai,Medium,2025-03-03,106254,41011.14,2.5908570207997146,2.602318637594884,-0.4,3.07661947878811,-15.8,False
Ahmedabad-Mumbai,Medium,2025-03-10,51224,19424.5,2.637082035573631,2.6119927035909996,1.0,3.1359588866453487,-15.9,False
Ahmedabad-Mumbai,Medium,2025-03-17,90395,34000.05,2.658672560775646,2.616013578862577,1.6,3.0044083066178207,-11.5,False
Ahmedabad-Mumbai,Medium,2025-03-24,57824,23735.77,2.436154377970464,2.537051750535637,-4.0,2.6579065599785423,-8.3,False
Ahmedabad-Mumbai,Medium,2025-03-31,108654,41567.7,2.613904546077844,2.5339688887872702,3.2,2.7150742861322454,-3.7,False
Ahmedabad-Mumbai,Medium,2025-04-07,73513,29466.54,2.4947957921086084,2.5489589896743565,-2.1,2.660680256113074,-6.2,False
Ahmedabad-Mumbai,Medium,2025-04-14,82623,33791.82,2.445059188880623,2.555419005791222,-4.3,2.6361209227843947,-7.2,False
Ahmedabad-Mumbai,Medium,2025-04-21,80102,30891.66,2.592997592230395,2.5475598900422014,1.8,2.5930989680211742,-0.0,False
Ahmedabad-Mumbai,Medium,2025-04-28,67466,25447.13,2.65122235788476,2.558690389302116,3.6,2.6360019822855754,0.6,False
Ahmedabad-Mumbai,Medium,2025-05-05,69839,26930.02,2.593351211770359,2.5662360564377464,1.1,2.8428293479437086,-8.8,False
Ahmedabad-Mumbai,Medium,2025-05-12,115771,44437.850000000006,2.605234051602406,2.560769703462338,1.7,2.791811443307139,-6.7,False
Ahmedabad-Mumbai,Medium,2025-05-19,70486,26762.960000000003,2.6337146563758265,2.5540898898156823,3.1,2.7927858995171384,-5.7,False
Ahmedabad-Mumbai,Medium,2025-05-26,91126,34823.880000000005,2.6167675744345544,2.5787849246163526,1.5,2.8097161795049495,-6.9,False
Ahmedabad-Mumbai,Medium,2025-06-02,78760,29809.369999999995,2.6421222588736364,2.5791428031609414,2.4,2.810222434360491,-6.0,False
Ahmedabad-Mumbai,Medium,2025-06-09,98252,35771.2,2.746678892516885,2.59755861150657,5.7,2.7628793827408815,-0.6,False
Ahmedabad-Mumbai,Medium,2025-06-16,83260,29615.43,2.811372315039829,2.635261074461103,6.7,2.8089849442373076,0.1,False
Ahmedabad-Mumbai,Medium,2025-06-23,113072,40404.31,2.798513326919826,2.662557914812282,5.1,2.7663173051531915,1.2,False
Ahmedabad-Mumbai,Medium,2025-06-30,89645,33075.75,2.7102937953032056,2.680969285941665,1.1,2.7562882814348355,-1.7,False
Ahmedabad-Mumbai,Medium,2025-07-07,94320,35115.79,2.685971182764221,2.695587108883271,-0.4,2.8837400718380715,-6.9,False
Ahmedabad-Mumbai,Medium,2025-07-14,122886,45670.12,2.69073083232538,2.705679250278498,-0.6,2.7613586676579027,-2.6,False
Ahmedabad-Mumbai,Medium,2025-07-21,127207,45469.53,2.7976317327229907,2.712806272272192,3.1,2.8336203970497156,-1.3,False
Ahmedabad-Mumbai,Medium,2025-07-28,95059,35491.53,2.678357343287258,2.7354142920582465,-2.1,2.744239318914084,-2.4,False
Ahmedabad-Mumbai,Medium,2025-08-04,121328,45459.23,2.6689409389468324,2.7399436776099497,-2.6,2.800919554680858,-4.7,False
Ahmedabad-Mumbai,Medium,2025-08-11,69190,26331.12,2.627689213371858,2.730226433413693,-3.8,2.7977198907185064,-6.1,False
Ahmedabad-Mumbai,Medium,2025-08-18,68827,26365.36,2.610508637090485,2.7072660457051967,-3.6,2.8524044073404617,-8.5,False
Ahmedabad-Mumbai,Medium,2025-08-25,110078,41956.63,2.623613955648964,2.683765459476529,-2.2,2.841158142329323,-7.7,False
Ahmedabad-Mumbai,Medium,2025-09-01,105051,38715.880000000005,2.713382725641261,2.6729304795197484,1.5,2.7707995360775413,-2.1,False
Ahmedabad-Mumbai,Medium,2025-09-08,102520,39046.19,2.6256082859812957,2.676356922379379,-1.9,2.7620008266277205,-4.9,False
Ahmedabad-Mumbai,Medium,2025-09-15,89215,31845.62,2.8014841601451,2.668216604086368,5.0,2.882954863196917,-2.8,False
Ahmedabad-Mumbai,Medium,2025-09-22,89173,33726.68,2.6439898620320768,2.668698157514132,-0.9,2.797611244956582,-5.5,False
Ahmedabad-Mumbai,Medium,2025-09-29,107137,39622.94,2.703913440042561,2.664402222357234,1.5,2.86875721120568,-5.7,False
Ahmedabad-Mumbai,Medium,2025-10-06,75587,27502.61,2.748357337721765,2.6687737849942,3.0,2.826527258919585,-2.8,False
Ahmedabad-Mumbai,Medium,2025-10-13,85381,31386.44,2.720314887575653,2.6838573005379383,1.4,2.7756377346207803,-2.0,False
Ahmedabad-Mumbai,Medium,2025-10-20,99900,36421.48,2.742886889824357,2.6975830818485846,1.7,2.7712873462904,-1.0,False
Ahmedabad-Mumbai,Medium,2025-10-27,118250,44306.93,2.668882723312132,2.712492198620509,-1.6,2.779196249485282,-4.0,False
Ahmedabad-Mumbai,Medium,2025-11-03,94186,34362.01,2.7409921596553866,2.7069296983293674,1.3,2.845674218052064,-3.7,False
Ahmedabad-Mumbai,Medium,2025-11-10,84833,32535.82,2.607372428295952,2.721352682538629,-4.2,2.8163251307849793,-7.4,False
Ahmedabad-Mumbai,Medium,2025-11-17,71091,25872.65,2.7477278129607905,2.6970887160574852,1.9,2.7815016899909364,-1.2,False
Ahmedabad-Mumbai,Medium,2025-11-24,96776,37098.04,2.608655335969232,2.710055959923575,-3.7,2.8090330850211727,-7.1,False
Ahmedabad-Mumbai,Medium,2025-12-01,91192,32720.77,2.7869759788660238,2.6981486969144086,3.3,2.7978129832480065,-0.4,False
Ahmedabad-Mumbai,Medium,2025-12-08,115318,41227.08,2.797142072637693,2.702976027057441,3.5,2.8538757863609034,-2.0,False
Ahmedabad-Mumbai,Medium,2025-12-15,86288,31585.22,2.731910684807641,2.712579425190196,0.7,2.8332290385864916,-3.6,False
Ahmedabad-Mumbai,Medium,2025-12-22,65046,23778.98,2.735441133303447,2.711207399563106,0.9,2.8304936156958624,-3.4,False
Chennai-Bangalore,Medium,2024-01-01,58977,21933.45,2.688906669949324,,,2.5016499878885288,7.5,False
Chennai-Bangalore,Medium,2024-01-08,42903,15461.82,2.774770369852967,2.688906669949324,3.2,2.599733519166402,6.7,False
Chennai-Bangalore,Medium,2024-01-15,50849,19077.86,2.665340871565259,2.7318385199011455,-2.4,2.53625973197276,5.1,False
Chennai-Bangalore,Medium,2024-01-22,49454,17803.78,2.7777247303662485,2.7096726371225164,2.5,2.6220738549980345,5.9,False
Chennai-Bangalore,Medium,2024-01-29,54756,20357.34,2.6897423730212298,2.7266856604334495,-1.4,2.558859683887564,5.1,False
Chennai-Bangalore,Medium,2024-02-05,72621,27015.6,2.688113534402345,2.7192970029510057,-1.1,2.604280609518238,3.2,False
Chennai-Bangalore,Medium,2024-02-12,52343,18868.72,2.77406204554416,2.7140997581928956,2.2,2.5885474970380713,7.2,False
Chennai-Bangalore,Medium,2024-02-19,68906,25554.01,2.696484817842679,2.722665799243076,-1.0,2.5837399525273903,4.4,False
Chennai-Bangalore,Medium,2024-02-26,68219,26001.1,2.623696689755433,2.7193931765680266,-3.5,2.6080344932225348,0.6,False
Chennai-Bangalore,Medium,2024-03-04,78257,29644.61,2.639839080358959,2.7112419290437906,-2.6,2.515918013824116,4.9,False
Chennai-Bangalore,Medium,2024-03-11,48428,17484.82,2.7697168172163056,2.694375517857039,2.8,2.6452398928721346,4.7,False
Chennai-Bangalore,Medium,2024-03-18,43429,16739.64,2.594380763266116,2.70742251106342,-4.2,2.607946364399134,-0.5,False
Chennai-Bangalore,Medium,2024-03-25,57470,21027.52,2.733085023816408,2.6845045151759033,1.8,2.659521109132845,2.8,False
Chennai-Bangalore,Medium,2024-04-01,64764,23923.36,2.7071448157783857,2.6899223465253006,0.6,2.5370743806853366,6.7,False
Chennai-Bangalore,Medium,2024-04-08,67420,24462.620000000003,2.7560416668369943,2.6923012566973057,2.4,2.5702137304266985,7.2,False
Chennai-Bangalore,Medium,2024-04-15,48798,18200.370000000003,2.6811542842260896,2.6900487093589103,-0.3,2.5375972547016445,5.7,False
Chennai-Bangalore,Medium,2024-04-22,40366,15576.38,2.59148788100958,2.6881323926568363,-3.6,2.6066261189860356,-0.6,False
Chennai-Bangalore,Medium,2024-04-29,43477,15933.53,2.728648328399294,2.6841062915636047,1.7,2.5301352670150137,7.8,False
Chennai-Bangalore,Medium,2024-05-06,55512,21661.22,2.5627365402318056,2.6952074475686465,-4.9,2.6281459754317478,-2.5,False
Chennai-Bangalore,Medium,2024-05-13,59466,21558.78,2.7583193483119177,2.669334912945584,3.3,2.6021867028263674,6.0,False
Chennai-Bangalore,Medium,2024-05-20,69029,25826.19,2.672829403020732,2.6898272360763094,-0.6,2.653830414133016,0.7,False
Chennai-Bangalore,Medium,2024-05-27,39309,14422.240000000002,2.7255821564472646,2.68229528347685,1.6,2.546023724109552,7.1,False
Chennai-Bangalore,Medium,2024-06-03,45145,16338.66,2.763078489912881,2.6845999510604597,2.9,2.5394688579428544,8.8,False
Chennai-Bangalore,Medium,2024-06-10,56720,21780.3,2.6041881884087914,2.6854795539449454,-3.0,2.4610463942354674,5.8,False
Chennai-Bangalore,Medium,2024-06-17,50991,18176.68,2.8052977771518237,2.675858791967783,4.8,2.546169208620955,10.2,False
Chennai-Bangalore,Medium,2024-06-24,43198,16274.16,2.6543919931965765,2.7025850289855637,-1.8,2.660358306752208,-0.2,False
Chennai-Bangalore,Medium,2024-07-01,37670,13625.06,2.7647584671186767,2.6933029870852243,2.7,2.579259661376026,7.2,False
Chennai-Bangalore,Medium,2024-07-08,45832,17121.14,2.6769245505848325,2.718555727946083,-1.5,2.6076826225097287,2.7,False
Chennai-Bangalore,Medium,2024-07-15,30796,11089.86,2.776951196859113,2.708381378230197,2.5,2.6196239438443243,6.0,False
Chennai-Bangalore,Medium,2024-07-22,66262,24956.1,2.6551424301072686,2.721396602459995,-2.4,2.5879278308802123,2.6,False
Chennai-Bangalore,Medium,2024-07-29,65629,23658.24,2.774044053995563,2.7125916366674954,2.3,2.5115770916601923,10.5,False
Chennai-Bangalore,Medium,2024-08-05,79700,30443.03,2.618004843801685,2.7139623321778306,-3.5,2.5988350368737327,0.7,False
Chennai-Bangalore,Medium,2024-08-12,44144,15802.03,2.793565130556011,2.7156894141019423,2.9,2.500640960467199,11.7,False
Chennai-Bangalore,Medium,2024-08-19,40105,14517.64,2.762501343193522,2.7142228332774656,1.8,2.646658624455191,4.4,False
Chennai-Bangalore,Medium,2024-08-26,38429,14386.23,2.671234923951584,2.727736502027084,-2.1,2.5477649901456836,4.8,False
Chennai-Bangalore,Medium,2024-09-02,54195,21186.73,2.5579690683744025,2.7160460591311977,-5.8,2.528342969996256,1.2,False
Chennai-Bangalore,Medium,2024-09-09,81971,30248.77,2.7098953114457216,2.7011766238548938,0.3,2.5424848012605388,6.6,False
Chennai-Bangalore,Medium,2024-09-16,36492,13713.73,2.6609828252415646,2.6927946381782197,-1.2,2.6411200439087117,0.8,False
Chennai-Bangalore,Medium,2024-09-23,56016,21293.23,2.630695296110548,2.6935246875700067,-2.3,2.600264458003713,1.2,False
Chennai-Bangalore,Medium,2024-09-30,45226,17171.54,2.6337765861419533,2.67560609283438,-1.6,2.594535296759231,1.5,False
Chennai-Bangalore,Medium,2024-10-07,62753,23149.94,2.7107197686041515,2.677577560626913,1.2,2.596348407728952,4.4,False
Chennai-Bangalore,Medium,2024-10-14,46319,17623.94,2.6281864327726945,2.667221890382931,-1.5,2.5468297395467467,3.2,False
Chennai-Bangalore,Medium,2024-10-21,53173,19535.98,2.7217984457396045,2.6504325265803272,2.7,2.614151375210917,4.1,False
Chennai-Bangalore,Medium,2024-10-28,39988,15381.08,2.599817438047263,2.65675296680383,-2.1,2.600015157435433,-0.0,False
Chennai-Bangalore,Medium,2024-11-04,60025,21990.16,2.729629979954671,2.6619840130129377,2.5,2.5416152896617428,7.4,False
Chennai-Bangalore,Medium,2024-11-11,74960,27267.19,2.749091490542296,2.6644508465765564,3.2,2.5955959167469445,5.9,False
Chennai-Bangalore,Medium,2024-11-18,52505,18962.23,2.7689253848307924,2.675464429739148,3.5,2.570746551346102,7.7,False
Chennai-Bangalore,Medium,2024-11-25,44738,16219.86,2.758223560499289,2.6927431908291783,2.4,2.6313403784773577,4.8,False
Chennai-Bangalore,Medium,2024-12-02,53827,19696.43,2.7328302641646225,2.708299062623845,0.9,2.530027490378706,8.0,False
Chennai-Bangalore,Medium,2024-12-09,58563,22098.4,2.650101364804692,2.711062874568904,-2.2,2.49640471185723,6.2,False
Chennai-Bangalore,Medium,2024-12-16,79077,29409.15,2.688857039390802,2.7138022410729037,-0.9,2.5188968010653996,6.7,False
Chennai-Bangalore,Medium,2024-12-23,52020,18895.26,2.753071405209561,2.7096845652793036,1.6,2.665875461304992,3.3,False
Chennai-Bangalore,Medium,2024-12-30,45489,16625.67,2.7360701854421507,2.7288413111745906,0.3,2.5871915748577052,5.8,False
Chennai-Bangalore,Medium,2025-01-06,79564,29255.83,2.719594692750129,2.729646336860526,-0.4,2.5128544969963715,8.2,False
Chennai-Bangalore,Medium,2025-01-13,39192,15275.41,2.565692181093666,2.7259592371365047,-5.9,2.6299432019187803,-2.4,False
Chennai-Bangalore,Medium,2025-01-20,82819,29604.02,2.797559250399101,2.700555086669364,3.6,2.9325555590875747,-4.6,False
Chennai-Bangalore,Medium,2025-01-27,57884,21139.6,2.7381785842683874,2.7054720479068406,1.2,2.5165062119979433,8.8,False
Chennai-Bangalore,Medium,2025-02-03,51933,19354.77,2.6832145254115654,2.706140587919811,-0.8,2.5183298697028293,6.5,False
Chennai-Bangalore,Medium,2025-02-10,57747,21235.23,2.7193960225530875,2.7102797329956703,0.3,2.539042829819227,7.1,False
Chennai-Bangalore,Medium,2025-02-17,59877,21061.88,2.8429086102475187,2.7140971058909558,4.7,2.5768048730820694,10.3,False
Chennai-Bangalore,Medium,2025-02-24,120133,33530.23,3.5828266015473207,2.7253267565207007,31.5,2.583743492586377,38.7,True
Chennai-Bangalore,Medium,2025-03-03,100027,28774.9,3.476189317773476,2.8311713085338472,22.8,2.633953330301229,32.0,True
Chennai-Bangalore,Medium,2025-03-10,115248,32267.29,3.5716665390864866,2.925745636661765,22.1,2.668666634888921,33.8,True
Chennai-Bangalore,Medium,2025-03-17,102753,29618.33,3.469236786814111,3.0514924314108676,13.7,2.599126193598588,33.5,True
Chennai-Bangalore,Medium,2025-03-24,34672,12797.580000000002,2.7092622198884477,3.135452123462744,-13.6,2.5213526390195504,7.5,False
Chennai-Bangalore,Medium,2025-03-31,65306,23455.32,2.7842723953457043,3.1318375779152516,-11.1,2.6298903614983153,5.9,False
Chennai-Bangalore,Medium,2025-04-07,64225,23442.02,2.739738299003243,3.1444698116570193,-12.9,2.5382090026657567,7.9,False
Chennai-Bangalore,Medium,2025-04-14,67169,24871.5,2.700641296262791,3.1470125962132887,-14.2,2.508329869093311,7.7,False
Chennai-Bangalore,Medium,2025-04-21,57780,22308.24,2.5900743402437847,3.1292291819651976,-17.2,2.5945605940144794,-0.2,False
Chennai-Bangalore,Medium,2025-04-28,69235,25704.11,2.693538115110774,3.0051351493022556,-10.4,2.614844103672568,3.0,False
Chennai-Bangalore,Medium,2025-05-05,71918,24367.74,2.9513611028351416,2.907303748969418,1.5,2.6638244024113176,10.8,False
Chennai-Bangalore,Medium,2025-05-12,69435,23485.99,2.9564433945513904,2.829765569438,4.5,2.6162067718326467,13.0,False
Chennai-Bangalore,Medium,2025-05-19,61133,21677.56,2.8201052147935477,2.7656663954051592,2.0,2.6995906203082773,4.5,False
Chennai-Bangalore,Medium,2025-05-26,65441,23512.78,2.78320981185551,2.779521769768297,0.1,2.7264950607944716,2.1,False
Chennai-Bangalore,Medium,2025-06-02,74850,25652.03,2.9178977258330043,2.779388946832023,5.0,2.672334700880807,9.2,False
Chennai-Bangalore,Medium,2025-06-09,54905,19283.18,2.847300082247845,2.801658875185743,1.6,2.7125687878754015,5.0,False
Chennai-Bangalore,Medium,2025-06-16,81700,27767.19,2.942321495261134,2.819991223433875,4.3,2.7435103541266552,7.2,False
Chennai-Bangalore,Medium,2025-06-23,48893,17442.3,2.803128027840365,2.8640221178110434,-2.1,2.7640099546929218,1.4,False
Chennai-Bangalore,Medium,2025-06-30,51310,18636.0,2.7532732345996997,2.8777208569022426,-4.3,2.7347985617865884,0.7,False
Chennai-Bangalore,Medium,2025-07-07,60099,20614.24,2.915411870629235,2.852959873372812,2.2,2.7690197279055644,5.3,False
Chennai-Bangalore,Medium,2025-07-14,45325,16180.100000000002,2.801280585410473,2.847830932882543,-1.6,2.7060837911153564,3.5,False
Chennai-Bangalore,Medium,2025-07-21,81404,27690.25,2.939807332905987,2.8454778542096584,3.3,2.7625325969582173,6.4,False
Chennai-Bangalore,Medium,2025-07-28,54663,19732.06,2.77026321630889,2.865052544340968,-3.3,2.698286382403268,2.7,False
Chennai-Bangalore,Medium,2025-08-04,76216,26066.21,2.9239386930435995,2.8465982306504536,2.7,2.6734206776324747,9.4,False
Chennai-Bangalore,Medium,2025-08-11,54929,19364.07,2.8366453953120394,2.856178056999923,-0.7,2.6932417997484155,5.3,False
Chennai-Bangalore,Medium,2025-08-18,83046,29058.05,2.857934376188354,2.842968544506286,0.5,2.7286915377915273,4.7,False
Chennai-Bangalore,Medium,2025-08-25,75931,26644.74,2.849755711633891,2.8498193380497847,-0.0,2.7280872643368594,4.5,False
Chennai-Bangalore,Medium,2025-09-01,51208,17682.54,2.8959640413650978,2.8618796476790584,1.2,2.679508878215623,8.1,False
Chennai-Bangalore,Medium,2025-09-08,45559,16443.45,2.7706472790077505,2.8594486690210412,-3.1,2.689481330114493,3.0,False
Chennai-Bangalore,Medium,2025-09-15,57872,19456.98,2.974356760401666,2.855619505720701,4.2,2.7965185630686342,6.4,False
Chennai-Bangalore,Medium,2025-09-22,36984,12677.06,2.91739567376032,2.859938184157661,2.0,2.660908339092461,9.6,False
Chennai-Bangalore,Medium,2025-09-29,58342,20117.28,2.900093849665561,2.8783297413390896,0.8,2.77066700639418,4.7,False
Chennai-Bangalore,Medium,2025-10-06,82878,29874.91,2.774167353140143,2.875349135916835,-3.5,2.813622251210396,-1.4,False
Chennai-Bangalore,Medium,2025-10-13,64001,22296.71,2.870423484002797,2.867539380645348,0.1,2.700583436407208,6.3,False
Chennai-Bangalore,Medium,2025-10-20,46519,16285.64,2.85644285394986,2.8691005191221532,-0.4,2.7145093642276485,5.2,False
Chennai-Bangalore,Medium,2025-10-27,50689,18034.39,2.810685584596984,2.8699364119116497,-2.1,2.708294818842856,3.8,False
Chennai-Bangalore,Medium,2025-11-03,64477,22472.21,2.8691882106833284,2.8592766048156353,0.3,2.7815761925380933,3.1,False
Chennai-Bangalore,Medium,2025-11-10,78419,27027.83,2.9014167989069044,2.8715942212750827,1.0,2.6693029454795028,8.7,False
Chennai-Bangalore,Medium,2025-11-17,60435,21496.5,2.811387900355872,2.862476726088237,-1.8,2.749671646293396,2.2,False
Chennai-Bangalore,Medium,2025-11-24,51925,17939.989999999998,2.894371735993164,2.8492257544126813,1.6,2.666174885009206,8.6,False
Chennai-Bangalore,Medium,2025-12-01,65788,22836.71,2.8808002553782925,2.8485104902036316,1.1,2.750900844991872,4.7,False
Chennai-Bangalore,Medium,2025-12-08,32225,11156.45,2.888463624181527,2.8618396029834003,0.9,2.8082150105889863,2.9,False
Chennai-Bangalore,Medium,2025-12-15,46310,15755.3,2.9393283529986736,2.8640946205057416,2.6,2.729520204490975,7.7,False
Chennai-Bangalore,Medium,2025-12-22,67337,23847.41,2.8236609342482057,2.8744553078868433,-1.8,2.786383715223483,1.3,False
Delhi-Chennai,Long,2024-01-01,134916,68964.94,1.956298374217392,,,2.052382241207193,-4.7,False
Delhi-Chennai,Long,2024-01-08,285908,136285.82,2.0978558150803948,1.956298374217392,7.2,2.102876555335229,-0.2,False
Delhi-Chennai,Long,2024-01-15,275120,128158.55,2.1467159233621165,2.0270770946488934,5.9,2.050266709738524,4.7,False
Delhi-Chennai,Long,2024-01-22,314261,155006.09999999998,2.027410534166075,2.0669567042199675,-1.9,2.068174821338809,-2.0,False
Delhi-Chennai,Long,2024-01-29,303502,151670.82,2.001057289727846,2.057070161706495,-2.7,2.001214266938675,-0.0,False
Delhi-Chennai,Long,2024-02-05,280713,126404.08000000002,2.2207590134748814,2.045867587310765,8.5,2.059562626321188,7.8,False
Delhi-Chennai,Long,2024-02-12,188995,92440.46,2.0445051874471414,2.0750161583381175,-1.5,2.0894040876518805,-2.1,False
Delhi-Chennai,Long,2024-02-19,220217,103181.74,2.1342632911598507,2.0706574482108353,3.1,1.9841412056844687,7.6,False
Delhi-Chennai,Long,2024-02-26,328959,156167.56,2.1064489961935755,2.0786081785794623,1.3,1.9726880963721798,6.8,False
Delhi-Chennai,Long,2024-03-04,365685,178170.03999999998,2.0524494466072976,2.0973770063264854,-2.1,1.9799555013074301,3.7,False
Delhi-Chennai,Long,2024-03-11,299031,148010.98,2.0203298430967758,2.091701210267348,-3.4,2.02201721830256,-0.1,False
Delhi-Chennai,Long,2024-03-18,307002,138731.0,2.2129300588909477,2.0759029502341804,6.6,2.061960495188942,7.3,False
Delhi-Chennai,Long,2024-03-25,236863,115481.05,2.051098426971352,2.0990928908247892,-2.3,2.0472240164517324,0.2,False
Delhi-Chennai,Long,2024-04-01,378776,185677.96,2.039962093508567,2.1053480329802277,-3.1,1.9983200630035558,2.1,False
Delhi-Chennai,Long,2024-04-08,345993,159068.3,2.175122258803294,2.082748417984438,4.4,1.967855048593877,10.5,False
Delhi-Chennai,Long,2024-04-15,366192,167242.24,2.189590380994658,2.0990755519039577,4.3,2.073192196508584,5.6,False
Delhi-Chennai,Long,2024-04-22,395713,193925.94,2.040536712107725,2.1059914381333087,-3.1,2.0991863706756515,-2.8,False
Delhi-Chennai,Long,2024-04-29,332927,163095.0,2.041307213587173,2.0977524026225773,-2.7,2.110931019670532,-3.3,False
Delhi-Chennai,Long,2024-05-06,155730,76399.79,2.038356388152376,2.0963596234950614,-2.8,1.9642936490878076,3.8,False
Delhi-Chennai,Long,2024-05-13,284855,132685.32,2.146846388130955,2.0986129416270116,2.3,2.0495326719754328,4.7,False
Delhi-Chennai,Long,2024-05-20,337228,153810.76,2.192486403421971,2.0903524827820124,4.9,2.1206043074671426,3.4,False
Delhi-Chennai,Long,2024-05-27,376445,180036.97,2.090931656981341,2.10802597983834,-0.8,2.1087978473591034,-0.8,False
Delhi-Chennai,Long,2024-06-03,315816,145168.93,2.175506838825636,2.1143971752724364,2.9,2.087029691946987,4.2,False
Delhi-Chennai,Long,2024-06-10,206303,94437.6,2.1845430210001098,2.1144452477752296,3.3,1.9726237810287692,10.7,False
Delhi-Chennai,Long,2024-06-17,380586,173795.69,2.1898471705483606,2.113814327775911,3.6,2.0960202786155504,4.5,False
Delhi-Chennai,Long,2024-06-24,195902,93973.4,2.08465374244201,2.1324781350809903,-2.2,2.0925849110903694,-0.4,False
Delhi-Chennai,Long,2024-07-01,312824,147693.13999999998,2.118067230475295,2.137896451187845,-0.9,1.96813375663559,7.6,False
Delhi-Chennai,Long,2024-07-08,288650,135645.14,2.127978930907513,2.1478603064782096,-0.9,2.08263284831424,2.2,False
Delhi-Chennai,Long,2024-07-15,181537,84805.84,2.140619089440067,2.1455018743252796,-0.2,2.0253385577855028,5.7,False
Delhi-Chennai,Long,2024-07-22,287614,147788.88,1.9461139430788024,2.1390184600775415,-9.0,2.101169727476897,-7.4,False
Delhi-Chennai,Long,2024-07-29,265177,132932.73,1.9948209895335784,2.1209162458397244,-5.9,2.061764112371173,-3.2,False
Delhi-Chennai,Long,2024-08-05,233920,117091.19,1.997759182394508,2.098330514678217,-4.8,2.029615034840363,-1.6,False
Delhi-Chennai,Long,2024-08-12,201436,95988.45,2.098544147759444,2.074982534852517,1.1,1.9964214460274388,5.1,False
Delhi-Chennai,Long,2024-08-19,395576,191008.67,2.070984526513901,2.063569657003902,0.4,2.037560482798958,1.6,False
Delhi-Chennai,Long,2024-08-26,244690,115276.29,2.1226394430285707,2.0618610050128887,2.9,1.9834228676600425,7.0,False
Delhi-Chennai,Long,2024-09-02,290503,137664.2,2.110229093693204,2.062432531582048,2.3,1.9756965289461967,6.8,False
Delhi-Chennai,Long,2024-09-09,393132,185527.61,2.118994579836392,2.060213801930259,2.9,1.9857427660457434,6.7,False
Delhi-Chennai,Long,2024-09-16,269037,125313.89,2.1469048642572663,2.0575107382298,4.3,2.055272722660886,4.5,False
Delhi-Chennai,Long,2024-09-23,264307,124877.9,2.116523420076731,2.082609603377108,1.6,2.0392874624896247,3.8,False
Delhi-Chennai,Long,2024-09-30,181707,87942.18,2.066209866528212,2.097822407195002,-1.5,2.0620613195558053,0.2,False
Delhi-Chennai,Long,2024-10-07,240803,120864.68,1.9923355607279147,2.106378742711715,-5.4,2.130967172753701,-6.5,False
Delhi-Chennai,Long,2024-10-14,380536,173746.71000000002,2.1901767233463008,2.093102669332774,4.6,2.0392956957273545,7.4,False
Delhi-Chennai,Long,2024-10-21,248827,114133.72,2.1801357215028125,2.108001693936824,3.4,1.9730751033874605,10.5,False
Delhi-Chennai,Long,2024-10-28,299876,146739.68,2.0435917537778465,2.115188728746104,-3.4,2.0035287548242557,2.0,False
Delhi-Chennai,Long,2024-11-04,310423,145262.07,2.136985931702612,2.1068590612566847,1.4,2.018125147598922,5.9,False
Delhi-Chennai,Long,2024-11-11,225138,110254.33000000002,2.0419878294122324,2.109107980239962,-3.2,2.1002104443408576,-2.8,False
Delhi-Chennai,Long,2024-11-18,292751,147106.41,1.990062839545877,2.0959933508843327,-5.1,2.061786738897805,-3.5,False
Delhi-Chennai,Long,2024-11-25,292948,147306.96000000002,1.988690826285465,2.080185778317976,-4.4,1.9508277503095366,1.9,False
Delhi-Chennai,Long,2024-12-02,261839,133042.39,1.968087013469917,2.0704958982876325,-4.9,2.058579168082445,-4.4,False
Delhi-Chennai,Long,2024-12-09,365928,168693.28999999998,2.169191199009753,2.067464829880383,4.9,2.0023254581647825,8.3,False
Delhi-Chennai,Long,2024-12-16,151111,74215.56,2.036109408862508,2.064841639338314,-1.4,2.0000362320939207,1.8,False
Delhi-Chennai,Long,2024-12-23,239833,114783.28,2.0894419465971,2.0468383502582763,2.1,2.0476720499055414,2.0,False
Delhi-Chennai,Long,2024-12-30,197924,91177.24,2.170761036416544,2.0525696243606832,5.8,1.9908577523945326,9.0,False
Delhi-Chennai,Long,2025-01-06,173114,85746.04,2.0189153924776004,2.0567915124499248,-1.8,2.0804490008578123,-3.0,False
Delhi-Chennai,Long,2025-01-13,196332,98298.23,1.9973096158496448,2.0539074578330956,-2.8,2.0268306193431203,-1.5,False
Delhi-Chennai,Long,2025-01-20,226790,115566.66,1.962417188486714,2.054813304871067,-4.5,2.0873024422024202,-6.0,False
Delhi-Chennai,Long,2025-01-27,344386,157878.79,2.181331640557924,2.051529100146223,6.3,1.9823117378714405,10.0,False
Delhi-Chennai,Long,2025-02-03,343244,154991.75,2.2145952929752712,2.0781846785322236,6.6,2.03653826209116,8.7,False
Delhi-Chennai,Long,2025-02-10,278208,136497.9,2.038185202849274,2.0838601902779135,-2.2,2.006206496392305,1.6,False
Delhi-Chennai,Long,2025-02-17,357413,161048.50999999998,2.2192878406636614,2.084119664526259,6.5,1.983304462451565,11.9,False
Delhi-Chennai,Long,2025-02-24,167650,80733.79000000001,2.0765778492499853,2.100350401284579,-1.1,2.0549150439013273,1.1,False
Delhi-Chennai,Long,2025-03-03,361236,167863.94,2.1519571147918963,2.0885775028887594,3.0,2.0225395891319593,6.4,False
Delhi-Chennai,Long,2025-03-10,339952,160446.95,2.1187813168153085,2.1052077181780464,0.6,2.0533262825921366,3.2,False
Delhi-Chennai,Long,2025-03-17,359910,172909.0,2.0814995170870225,2.1203916807987544,-1.8,2.051999401135767,1.4,False
Delhi-Chennai,Long,2025-03-24,363909,183170.6,1.9867216682153144,2.135276971873793,-7.0,2.056598026162429,-3.4,False
Delhi-Chennai,Long,2025-03-31,233524,114040.22,2.047733685536559,2.1109507253309667,-3.0,2.0312871603460243,0.8,False
Delhi-Chennai,Long,2025-04-07,268478,121555.87,2.208679844091445,2.0900930244011278,5.7,2.030538498899632,8.8,False
Delhi-Chennai,Long,2025-04-14,270747,136493.01,1.983596083052165,2.1114048545563993,-6.1,1.9913129731886885,-0.4,False
Delhi-Chennai,Long,2025-04-21,312046,151247.37,2.0631499245243075,2.081943384854962,-0.9,2.003795781637503,3.0,False
Delhi-Chennai,Long,2025-04-28,287385,138983.8,2.0677589762260062,2.0802648942642525,-0.6,1.9858355891948456,4.1,False
Delhi-Chennai,Long,2025-05-05,275140,125137.77,2.198696684462253,2.069740126943516,6.2,2.1727587123493297,1.2,False
Delhi-Chennai,Long,2025-05-12,257748,120695.86,2.1355164957605006,2.079729547899384,2.7,2.277680865830098,-6.2,False
Delhi-Chennai,Long,2025-05-19,209646,99385.89,2.109414123071192,2.0864816702335687,1.1,2.1196842350954443,-0.5,False
Delhi-Chennai,Long,2025-05-26,336879,159555.2,2.111363340085437,2.1018182270905537,0.5,2.187510958508544,-3.5,False
Delhi-Chennai,Long,2025-06-02,282835,137097.28,2.0630241533603,2.109771933909163,-2.2,2.2572857095261822,-8.6,False
Delhi-Chennai,Long,2025-06-09,272871,124094.11,2.198903719120916,2.0915649725677703,5.1,2.210004587207286,-0.5,False
Delhi-Chennai,Long,2025-06-16,280644,136349.13999999998,2.0582748083339584,2.118478427076364,-2.8,2.249744469322215,-8.5,False
Delhi-Chennai,Long,2025-06-23,335839,164202.09,2.04527847361748,2.1178690375525706,-3.4,2.224010474346948,-8.0,False
Delhi-Chennai,Long,2025-06-30,257627,119623.72,2.153644778811427,2.1150589747265047,1.8,2.1349042302416272,0.9,False
Delhi-Chennai,Long,2025-07-07,248042,125362.08,1.97860469449773,2.1094274865201514,-6.2,2.1164719854676184,-6.5,False
Delhi-Chennai,Long,2025-07-14,389253,179359.28999999998,2.1702416417906205,2.089813511362305,3.8,2.1169412185892087,2.5,False
Delhi-Chennai,Long,2025-07-21,167776,82271.76999999999,2.0392900262143385,2.0974169512022334,-2.8,2.205660155814617,-7.5,False
Delhi-Chennai,Long,2025-07-28,345705,167597.52,2.062709519806737,2.0884077869683466,-1.2,2.2308588873462982,-7.5,False
Delhi-Chennai,Long,2025-08-04,353040,162114.24,2.177723560866708,2.088368457774151,4.3,2.1098241131442768,3.2,False
Delhi-Chennai,Long,2025-08-11,298330,150098.37,1.987563222705217,2.0857209379923747,-4.7,2.1616477633608566,-8.1,False
Delhi-Chennai,Long,2025-08-18,363312,180824.25,2.0091995404377454,2.0768819897887822,-3.3,2.2240533427724345,-9.7,False
Delhi-Chennai,Long,2025-08-25,207066,102689.62,2.016425808178081,2.0723721231413155,-2.7,2.101999487344841,-4.1,False
Delhi-Chennai,Long,2025-09-01,233971,109857.22999999998,2.1297733430926677,2.0552197518121473,3.6,2.1727684310359154,-2.0,False
Delhi-Chennai,Long,2025-09-08,395213,184041.66,2.1474105373750705,2.0741158328865144,3.5,2.095873103602398,2.5,False
Delhi-Chennai,Long,2025-09-15,187163,91050.98,2.0555846845360697,2.071261944834571,-0.8,2.175696236435805,-5.5,False
Delhi-Chennai,Long,2025-09-22,319960,161463.94,1.9816189298985272,2.073298777124787,-4.4,2.2176597534882507,-10.6,False
Delhi-Chennai,Long,2025-09-29,401679,192680.76,2.084686608045349,2.0631624533862607,1.0,2.184463149978113,-4.6,False
Delhi-Chennai,Long,2025-10-06,260010,123358.01,2.107767464796165,2.051532834283591,2.7,2.2658823796579117,-7.0,False
Delhi-Chennai,Long,2025-10-13,198214,96519.99,2.0536056831336182,2.0665583645449597,-0.6,2.1430335910371303,-4.2,False
Delhi-Chennai,Long,2025-10-20,295256,142686.87,2.069258369743481,2.072109132381944,-0.1,2.110127743744713,-1.9,False
Delhi-Chennai,Long,2025-10-27,320946,147137.88,2.1812601894223294,2.0787132025776187,4.9,2.119582543664989,2.9,False
Delhi-Chennai,Long,2025-11-03,349609,171828.61,2.0346378871364905,2.085149058368826,-2.4,2.130821966023152,-4.5,False
Delhi-Chennai,Long,2025-11-10,215222,97942.03,2.197442711775526,2.0710524770890038,6.1,2.115029716790139,3.9,False
Delhi-Chennai,Long,2025-11-17,274519,137223.38,2.000526440902417,2.088784730493936,-4.2,2.1081283753458364,-5.1,False
Delhi-Chennai,Long,2025-11-24,185792,91553.88,2.029318691900332,2.091148169369422,-3.0,2.2381856325864686,-9.3,False
Delhi-Chennai,Long,2025-12-01,346195,167106.46,2.071703272273256,2.084227179851295,-0.6,2.1501775422169533,-3.6,False
Delhi-Chennai,Long,2025-12-08,274433,138401.24,1.982879633159356,2.0797191557859316,-4.7,2.1655957589105226,-8.4,False
Delhi-Chennai,Long,2025-12-15,169291,86039.98999999999,1.9675850729410824,2.0708783995391484,-5.0,2.14394799414601,-8.2,False
Delhi-Chennai,Long,2025-12-22,285284,143320.77000000002,1.9905279604623949,2.0581692374388485,-3.3,2.215853146357839,-10.2,False
Delhi-Jaipur,Short,2024-01-01,61886,20627.81,3.000124589086287,,,3.3012764038642617,-9.1,False
Delhi-Jaipur,Short,2024-01-08,56169,18396.53,3.053238844499479,3.000124589086287,1.8,3.3819401535881366,-9.7,False
Delhi-Jaipur,Short,2024-01-15,77069,25534.04,3.018284611444174,3.026681716792883,-0.3,3.4115233282114596,-11.5,False
Delhi-Jaipur,Short,2024-01-22,61427,20540.57,2.9905207109637173,3.0238826816766466,-1.1,3.378891559642258,-11.5,False
Delhi-Jaipur,Short,2024-01-29,65029,20365.83,3.193044427848018,3.015542188998414,5.9,3.279357822939943,-2.6,False
Delhi-Jaipur,Short,2024-02-05,45216,14974.350000000002,3.019563453505494,3.051042636768335,-1.0,3.290516772925383,-8.2,False
Delhi-Jaipur,Short,2024-02-12,44149,14176.66,3.114203204421916,3.0457961062245285,2.2,3.2809380923227827,-5.1,False
Delhi-Jaipur,Short,2024-02-19,46469,15519.43,2.9942465670453102,3.055568548824155,-2.0,3.3802576808143905,-11.4,False
Delhi-Jaipur,Short,2024-02-26,42988,13885.36,3.095922612017261,3.0479033011017993,1.6,3.2499259231239646,-4.7,False
Delhi-Jaipur,Short,2024-03-04,71237,23738.65,3.000886739557641,3.059878053968171,-1.9,3.40988377758577,-12.0,False
Delhi-Jaipur,Short,2024-03-11,42074,13516.009999999998,3.112900922683544,3.0533340408504417,2.0,3.3410955755219525,-6.8,False
Delhi-Jaipur,Short,2024-03-18,41957,13624.69,3.079482909335919,3.065161079755363,0.5,3.414569056970697,-9.8,False
Delhi-Jaipur,Short,2024-03-25,66568,20969.49,3.17451688143107,3.076281354551888,3.2,3.53351602823954,-10.2,False
Delhi-Jaipur,Short,2024-04-01,36029,12051.29,2.989638453642722,3.073965411249769,-2.7,3.3289607115279054,-10.2,False
Delhi-Jaipur,Short,2024-04-08,60612,19392.15,3.125594634942489,3.0702247862669227,1.8,3.4927382217499114,-10.5,False
Delhi-Jaipur,Short,2024-04-15,40207,12558.9,3.2014746514424037,3.071648715081994,4.2,3.5704215300961137,-10.3,False
Delhi-Jaipur,Short,2024-04-22,58963,19279.07,3.0583944142533848,3.0975522256316315,-1.3,3.325498646456372,-8.0,False
Delhi-Jaipur,Short,2024-04-29,57004,18542.32,3.0742647090547464,3.0928612009111465,-0.6,3.5158633957658165,-12.6,False
Delhi-Jaipur,Short,2024-05-06,41553,13423.93,3.095442243813846,3.1020334470982847,-0.2,3.504023340372097,-11.7,False
Delhi-Jaipur,Short,2024-05-13,40231,13144.820000000002,3.060597254279632,3.0998511122395724,-1.3,3.302187408752174,-7.3,False
Delhi-Jaipur,Short,2024-05-20,49182,16102.36,3.0543348925250706,3.0974904053575365,-1.4,3.3428504602405065,-8.6,False
Delhi-Jaipur,Short,2024-05-27,41585,13387.36,3.1062883197284608,3.082467656744287,0.8,3.4444426250684543,-9.8,False
Delhi-Jaipur,Short,2024-06-03,74584,23744.620000000003,3.1410904870240075,3.097048890005004,1.4,3.379699791437122,-7.1,False
Delhi-Jaipur,Short,2024-06-10,38973,12859.28,3.0307295587311263,3.098985871515194,-2.2,3.5335832714791575,-14.2,False
Delhi-Jaipur,Short,2024-06-17,66166,20843.04,3.174488942112091,3.0776427349262843,3.1,3.3313720545795857,-4.7,False
Delhi-Jaipur,Short,2024-06-24,56363,18188.81,3.098773366701835,3.0921545509086226,0.2,3.3499966801441174,-7.5,False
Delhi-Jaipur,Short,2024-07-01,43353,13581.94,3.1919593224531986,3.0952181331145088,3.1,3.3669010298051014,-5.2,False
Delhi-Jaipur,Short,2024-07-08,70675,22675.23,3.1168371831289035,3.1072827679444277,0.3,3.545795292762744,-12.1,False
Delhi-Jaipur,Short,2024-07-15,58047,18798.67,3.0878248301608573,3.114312759050587,-0.9,3.4441386306349915,-10.3,False
Delhi-Jaipur,Short,2024-07-22,77512,24787.36,3.12707767184565,3.11849900125506,0.3,3.5158347883043497,-11.1,False
Delhi-Jaipur,Short,2024-07-29,58574,18614.78,3.146639390849637,3.1210976702697084,0.8,3.38996788868999,-7.2,False
Delhi-Jaipur,Short,2024-08-05,54269,17752.97,3.056896958649736,3.121791283247912,-2.1,3.3705491485856363,-9.3,False
Delhi-Jaipur,Short,2024-08-12,40815,13593.42,3.0025556482474607,3.1250622082377384,-3.9,3.3452025179627394,-10.2,False
Delhi-Jaipur,Short,2024-08-19,65726,21371.63,3.0753854525836357,3.10357054650466,-0.9,3.4217554669277734,-10.1,False
Delhi-Jaipur,Short,2024-08-26,32890,10588.85,3.1060974515646174,3.1006470572398848,0.2,3.391552846999231,-8.4,False
Delhi-Jaipur,Short,2024-09-02,66422,21555.86,3.0813894690353343,3.089914323378812,-0.3,3.2876122855144954,-6.3,False
Delhi-Jaipur,Short,2024-09-09,38044,12003.660000000002,3.169366676497001,3.085483359117116,2.7,3.2750529451723334,-3.2,False
Delhi-Jaipur,Short,2024-09-16,57204,18077.76,3.1643300939939465,3.0956760899091345,2.2,3.4298100216753795,-7.7,False
Delhi-Jaipur,Short,2024-09-23,43598,13832.820000000002,3.151779608207148,3.100332642677671,1.7,3.467828674477361,-9.1,False
Delhi-Jaipur,Short,2024-09-30,46663,15473.21,3.0157284752161964,3.10097516984736,-2.7,3.4222605031069495,-11.9,False
Delhi-Jaipur,Short,2024-10-07,38206,12370.69,3.088429182204065,3.0958291094181676,-0.2,3.5131156626483726,-12.1,False
Delhi-Jaipur,Short,2024-10-14,36357,11748.66,3.0945656781283994,3.106563301162743,-0.4,3.3544936903662665,-7.7,False
Delhi-Jaipur,Short,2024-10-21,65341,21230.66,3.0776716314989736,3.1089608293558384,-1.0,3.3375193199381767,-7.8,False
Delhi-Jaipur,Short,2024-10-28,52390,17266.420000000002,3.0342132300731706,3.1054076018476326,-2.3,3.492012229583466,-13.1,False
Delhi-Jaipur,Short,2024-11-04,62819,20890.82,3.007014564291876,3.0995105719773623,-3.0,3.4227778269600835,-12.1,False
Delhi-Jaipur,Short,2024-11-11,84388,20222.59,4.1729570742422215,3.079216557951722,35.5,3.447745798728505,21.0,True
Delhi-Jaipur,Short,2024-11-18,36658,8961.6,4.09056418496697,3.205294930482756,27.6,3.418110569454777,19.7,True
Delhi-Jaipur,Short,2024-11-25,46000,15044.25,3.057646609169616,3.322643002577734,-8.0,3.4319454636996314,-10.9,False
Delhi-Jaipur,Short,2024-12-02,54006,17735.57,3.045067060150872,3.3278827693219117,-8.5,3.440494705185906,-11.5,False
Delhi-Jaipur,Short,2024-12-09,79110,24556.99,3.2214860208844818,3.3224625040652622,-3.0,3.4281730975980236,-6.0,False
Delhi-Jaipur,Short,2024-12-16,79152,25725.85,3.0767496506432246,3.3383275469097726,-7.8,3.5469466701503793,-13.3,False
Delhi-Jaipur,Short,2024-12-23,47638,15304.54,3.112671142027137,3.3382122993028043,-6.8,3.506811493656316,-11.2,False
Delhi-Jaipur,Short,2024-12-30,52127,16196.9,3.2183319030184787,3.34801953829705,-3.9,3.4030431353329913,-5.4,False
Delhi-Jaipur,Short,2025-01-06,71329,22504.7,3.169515701164645,3.374434205637875,-6.1,3.4980041180854684,-9.4,False
Delhi-Jaipur,Short,2025-01-13,56039,18399.45,3.04568886569979,3.2490040340031783,-6.3,3.5282479865729104,-13.7,False
Delhi-Jaipur,Short,2025-01-20,55494,18119.65,3.062641938448038,3.11839461909478,-1.8,3.50416962018854,-12.6,False
Delhi-Jaipur,Short,2025-01-27,44743,14231.52,3.14393683879164,3.119019035254583,0.8,3.3862532527526548,-7.2,False
Delhi-Jaipur,Short,2025-02-03,45718,15162.14,3.0152735695620803,3.1313777575846795,-3.7,3.3323631936996736,-9.5,False
Delhi-Jaipur,Short,2025-02-10,44004,14720.18,2.989365619170418,3.1056012011693794,-3.7,3.3877438970894143,-11.8,False
Delhi-Jaipur,Short,2025-02-17,57719,18637.89,3.096863432502285,3.0946781972352784,0.1,3.4085110589266203,-9.1,False
Delhi-Jaipur,Short,2025-02-24,54432,17657.45,3.0826648241960197,3.092702233544672,-0.3,3.410400818229306,-9.6,False
Delhi-Jaipur,Short,2025-03-03,47867,14871.920000000002,3.2186160226789813,3.0757438486918645,4.6,3.5000609633958355,-8.0,False
Delhi-Jaipur,Short,2025-03-10,49600,15582.89,3.1829782537128866,3.0818813888811563,3.3,3.515234273355121,-9.5,False
Delhi-Jaipur,Short,2025-03-17,52228,16965.32,3.0785154656676093,3.099042562382794,-0.7,3.390391171202404,-9.2,False
Delhi-Jaipur,Short,2025-03-24,38731,12337.68,3.139244979607187,3.10102675328524,1.2,3.3467955634088744,-6.2,False
Delhi-Jaipur,Short,2025-03-31,68375,22376.88,3.055609182334624,3.100440270887183,-1.4,3.2322382107924352,-5.5,False
Delhi-Jaipur,Short,2025-04-07,63722,19987.05,3.1881643364078243,3.1054822224837513,2.7,3.526217988209544,-9.6,False
Delhi-Jaipur,Short,2025-04-14,52680,17587.5,2.9953091684434967,3.130332062138427,-4.3,3.3993524808293762,-11.9,False
Delhi-Jaipur,Short,2025-04-21,43707,14226.64,3.072194137196133,3.1176377791310785,-1.5,3.293837437297759,-6.7,False
Delhi-Jaipur,Short,2025-04-28,38818,12795.27,3.0337773255273235,3.1163289432560926,-2.6,3.4147811612854055,-11.2,False
Delhi-Jaipur,Short,2025-05-05,41361,12443.94,3.323786517774917,3.0932241061121357,7.5,3.614807290784944,-8.1,False
Delhi-Jaipur,Short,2025-05-12,31412,9862.83,3.1848870962999465,3.110825139119889,2.4,3.59340162865612,-11.4,False
Delhi-Jaipur,Short,2025-05-19,71144,21405.82,3.3235820912256573,3.1241215929489314,6.4,3.473754965104235,-4.3,False
Delhi-Jaipur,Short,2025-05-26,57402,17501.15,3.279898749510746,3.1471637319012404,4.2,3.477622576966933,-5.7,False
Delhi-Jaipur,Short,2025-06-02,51376,16345.12,3.143201151169279,3.1751999277982557,-1.0,3.571244813860265,-12.0,False
Delhi-Jaipur,Short,2025-06-09,46732,14261.44,3.276807952072161,3.1695795296434373,3.4,3.474484348038549,-5.7,False
Delhi-Jaipur,Short,2025-06-16,80417,24423.7,3.2925805672359227,3.20476687759702,2.7,3.719532265276978,-11.5,False
Delhi-Jaipur,Short,2025-06-23,45069,14442.09,3.1206702077053943,3.232315181351994,-3.5,3.762226915526251,-17.1,False
Delhi-Jaipur,Short,2025-06-30,65746,19710.36,3.335606249708276,3.243176791624253,2.8,3.544290194316084,-5.9,False
Delhi-Jaipur,Short,2025-07-07,70596,21864.48,3.228798489605058,3.244654258115923,-0.5,3.63991612194976,-11.3,False
Delhi-Jaipur,Short,2025-07-14,70472,20773.49,3.392400602883771,3.250143182279062,4.4,3.5916689665706785,-5.5,False
Delhi-Jaipur,Short,2025-07-21,69601,21710.65,3.205845978816848,3.258745496236326,-1.6,3.5276350809882047,-9.1,False
Delhi-Jaipur,Short,2025-07-28,46539,13949.04,3.3363586311316045,3.2494888998995886,2.7,3.563538464323174,-6.4,False
Delhi-Jaipur,Short,2025-08-04,43595,13066.009999999998,3.336519717955214,3.27363358489488,1.9,3.7250718243169616,-10.4,False
Delhi-Jaipur,Short,2025-08-11,58346,17304.440000000002,3.3717358088444347,3.2810975556302613,2.8,3.530658775963705,-4.5,False
Delhi-Jaipur,Short,2025-08-18,60766,18537.58,3.277989899436712,3.290991960831325,-0.4,3.785222203965166,-13.4,False
Delhi-Jaipur,Short,2025-08-25,66759,20665.78,3.230412788677708,3.31065692229774,-2.4,3.6318250152556764,-11.1,False
Delhi-Jaipur,Short,2025-09-01,43937,12729.18,3.4516755988995365,3.2975077396689185,4.7,3.6688614473543484,-5.9,False
Delhi-Jaipur,Short,2025-09-08,76150,23437.72,3.24903616904716,3.3253673783307285,-2.3,3.7173668532811512,-12.6,False
Delhi-Jaipur,Short,2025-09-15,41073,12755.34,3.220063126502312,3.307446824101152,-2.6,3.9808099888616924,-19.1,False
Delhi-Jaipur,Short,2025-09-22,73158,22767.52,3.213261699122259,3.3092239675618353,-2.9,3.7968730320939086,-15.4,False
Delhi-Jaipur,Short,2025-09-29,73783,21475.16,3.4357369165119143,3.293836851060667,4.3,3.820635179842625,-10.1,False
Delhi-Jaipur,Short,2025-10-06,70592,22007.36,3.2076541666060807,3.3062390008802547,-3.0,3.941933793159432,-18.6,False
Delhi-Jaipur,Short,2025-10-13,47569,14397.190000000002,3.3040475259408253,3.2857287956004604,0.6,3.865549212043615,-14.5,False
Delhi-Jaipur,Short,2025-10-20,54177,16514.18,3.2806351874570825,3.2889859989134744,-0.3,4.0953337235246625,-19.9,False
Delhi-Jaipur,Short,2025-10-27,43058,13558.18,3.1757949813323028,3.2952637987608964,-3.6,4.073233796244365,-22.0,False
Delhi-Jaipur,Short,2025-11-03,71281,21060.51,3.3845809052107474,3.260778721564992,3.8,4.199374723893024,-19.4,False
Delhi-Jaipur,Short,2025-11-10,72379,22148.92,3.267834278149905,3.2777218135854405,-0.3,3.96803108409633,-17.6,False
Delhi-Jaipur,Short,2025-11-17,54268,16524.63,3.284067479877008,3.2836932075413894,0.0,4.322076630701151,-24.0,False
Delhi-Jaipur,Short,2025-11-24,61885,18320.27,3.3779523991731564,3.292543930135733,2.6,4.15642174319512,-18.7,False
Delhi-Jaipur,Short,2025-12-01,31075,9719.25,3.197263163309926,3.2853208654683885,-2.7,4.39279820396953,-27.2,False
Delhi-Jaipur,Short,2025-12-08,43378,13585.56,3.1929489840683787,3.284021990056369,-2.8,4.431940784354071,-28.0,False
Delhi-Jaipur,Short,2025-12-15,77076,23800.870000000003,3.2383690176031377,3.2701346723223135,-1.0,4.388091164267902,-26.2,False
Delhi-Jaipur,Short,2025-12-22,57107,17686.07,3.228925363294389,3.2648514010905703,-1.1,4.485336320121254,-28.0,False
Kolkata-Bhubaneswar,Medium,2024-01-01,83325,33230.1,2.507515776359385,,,2.592345434683498,-3.3,False
Kolkata-Bhubaneswar,Medium,2024-01-08,82441,31379.37,2.6272356647058244,2.507515776359385,4.8,2.6735008717399733,-1.7,False
Kolkata-Bhubaneswar,Medium,2024-01-15,63906,25489.24,2.507175576831636,2.5673757205326044,-2.3,2.615342379339572,-4.1,False
Kolkata-Bhubaneswar,Medium,2024-01-22,88184,34251.5,2.5746025721501247,2.5473090059656154,1.1,2.723634934106096,-5.5,False
Kolkata-Bhubaneswar,Medium,2024-01-29,45729,17421.96,2.6247907812898204,2.5541323975117427,2.8,2.5913354797532686,1.3,False
Kolkata-Bhubaneswar,Medium,2024-02-05,50031,18779.24,2.664165322984317,2.568264074267358,3.7,2.6162547152272517,1.8,False
Kolkata-Bhubaneswar,Medium,2024-02-12,85987,31825.23,2.701850073039535,2.5842476157201846,4.6,2.624653483290384,2.9,False
Kolkata-Bhubaneswar,Medium,2024-02-19,59765,22198.9,2.692250516917505,2.601047966765806,3.5,2.5858571029899773,4.1,False
Kolkata-Bhubaneswar,Medium,2024-02-26,47771,18034.9,2.6488086986897623,2.6124482855347684,1.4,2.5954784887553703,2.1,False
Kolkata-Bhubaneswar,Medium,2024-03-04,56204,22396.21,2.5095317466660654,2.6301099008260658,-4.6,2.581071680670563,-2.8,False
Kolkata-Bhubaneswar,Medium,2024-03-11,86030,32225.69,2.669609246535916,2.615396911071096,2.1,2.6952936782123293,-1.0,False
Kolkata-Bhubaneswar,Medium,2024-03-18,47040,17490.829999999998,2.6894092504472344,2.635701119784131,2.0,2.560432120808575,5.0,False
Kolkata-Bhubaneswar,Medium,2024-03-25,104210,38980.75,2.673370830474016,2.6500519545712695,0.9,2.6893782058040405,-0.6,False
Kolkata-Bhubaneswar,Medium,2024-04-01,94998,37732.69,2.517657765719857,2.656124460719294,-5.2,2.631817905714601,-4.3,False
Kolkata-Bhubaneswar,Medium,2024-04-08,86889,34086.05,2.549107332765163,2.6378110160612365,-3.4,2.673680897462614,-4.7,False
Kolkata-Bhubaneswar,Medium,2024-04-15,82745,31612.28,2.617495479604761,2.61871817352694,-0.0,2.569426657012309,1.9,False
Kolkata-Bhubaneswar,Medium,2024-04-22,63909,25186.14,2.537467035440921,2.609373793862847,-2.8,2.633636541770365,-3.7,False
Kolkata-Bhubaneswar,Medium,2024-04-29,60820,23952.33,2.5392101728725347,2.5954560859567417,-2.2,2.6248543447783934,-3.3,False
Kolkata-Bhubaneswar,Medium,2024-05-06,58223,21910.2,2.6573468065102097,2.5991658892325504,2.2,2.580840842292546,3.0,False
Kolkata-Bhubaneswar,Medium,2024-05-13,70756,27744.21,2.550297881972491,2.597633084229337,-1.8,2.706197435996081,-5.8,False
Kolkata-Bhubaneswar,Medium,2024-05-20,85527,31344.12,2.7286457555675514,2.580244163169994,5.8,2.625922237859606,3.9,False
Kolkata-Bhubaneswar,Medium,2024-05-27,51560,19848.87,2.597628983413162,2.5871535288066863,0.4,2.6100003106266034,-0.5,False
Kolkata-Bhubaneswar,Medium,2024-06-03,97336,37493.31999999999,2.596089116674651,2.5971499310183495,-0.0,2.6229635445619692,-1.0,False
Kolkata-Bhubaneswar,Medium,2024-06-10,76854,31002.02,2.478999755499803,2.6030226540070354,-4.8,2.5236406106899616,-1.8,False
Kolkata-Bhubaneswar,Medium,2024-06-17,69532,26933.99,2.581570721604931,2.5857106884939154,-0.2,2.658032736394401,-2.9,False
Kolkata-Bhubaneswar,Medium,2024-06-24,72577,26870.01,2.7010410491101418,2.5912236492644167,4.2,2.637033778795425,2.4,False
Kolkata-Bhubaneswar,Medium,2024-07-01,68986,27222.64,2.534140700534555,2.6114525087941174,-3.0,2.694568544668087,-6.0,False
Kolkata-Bhubaneswar,Medium,2024-07-08,93341,35522.990000000005,2.627622280669504,2.596051745547161,1.2,2.632333757467393,-0.2,False
Kolkata-Bhubaneswar,Medium,2024-07-15,55329,20626.97,2.682361975607663,2.6057172953842875,2.9,2.6669185544700493,0.6,False
Kolkata-Bhubaneswar,Medium,2024-07-22,76594,28887.2,2.6514857791686284,2.5999318228893014,2.0,2.5897561563495324,2.4,False
Kolkata-Bhubaneswar,Medium,2024-07-29,59227,22910.08,2.5851939408330304,2.6066639223587345,-0.8,2.606002148241459,-0.8,False
Kolkata-Bhubaneswar,Medium,2024-08-05,84271,31404.06,2.683442841466995,2.605302025378532,3.0,2.5661160380410775,4.6,False
Kolkata-Bhubaneswar,Medium,2024-08-12,64818,25327.59,2.5591854574398907,2.630857411124431,-2.7,2.6178307970252592,-2.2,False
Kolkata-Bhubaneswar,Medium,2024-08-19,93170,35400.67,2.6318710917053267,2.628059253103801,0.1,2.711973750199289,-3.0,False
Kolkata-Bhubaneswar,Medium,2024-08-26,80823,32103.26,2.517594786323881,2.6194130084281992,-3.9,2.6245850589595348,-4.1,False
Kolkata-Bhubaneswar,Medium,2024-09-02,92183,36192.13,2.547045448831003,2.6173447691518645,-2.7,2.533804779767956,0.5,False
Kolkata-Bhubaneswar,Medium,2024-09-09,87602,33983.57,2.57777508366543,2.607272665172052,-1.1,2.6085449151506848,-1.2,False
Kolkata-Bhubaneswar,Medium,2024-09-16,75317,27954.26,2.694294179134057,2.5941993036792734,3.9,2.6244643669624654,2.7,False
Kolkata-Bhubaneswar,Medium,2024-09-23,91003,33480.4,2.718097752715021,2.599550353674952,4.6,2.556563229701476,6.3,False
Kolkata-Bhubaneswar,Medium,2024-09-30,47311,17519.72,2.700442701139059,2.6161633301602003,3.2,2.5612022392606786,5.4,False
Kolkata-Bhubaneswar,Medium,2024-10-07,96696,35805.24,2.700610301732372,2.6182883126192085,3.1,2.601403141164842,3.8,False
Kolkata-Bhubaneswar,Medium,2024-10-14,91384,34861.26,2.6213625095593214,2.635966418155769,-0.6,2.5502417011534333,2.8,False
Kolkata-Bhubaneswar,Medium,2024-10-21,63216,23647.63,2.673248862571006,2.634652845387518,1.5,2.6384261667952167,1.3,False
Kolkata-Bhubaneswar,Medium,2024-10-28,63004,24928.21,2.5274177327613976,2.6541096049184087,-4.8,2.6362150100783657,-4.1,False
Kolkata-Bhubaneswar,Medium,2024-11-04,69520,27139.9,2.561542231179923,2.6516561404097083,-3.4,2.6256591640491163,-2.4,False
Kolkata-Bhubaneswar,Medium,2024-11-11,70773,27155.69,2.6061941346362403,2.6496270338490193,-1.6,2.6670445946999726,-2.3,False
Kolkata-Bhubaneswar,Medium,2024-11-18,45831,17996.72,2.54663071937553,2.6386145282867925,-3.5,2.681893884073733,-5.0,False
Kolkata-Bhubaneswar,Medium,2024-11-25,57386,21528.09,2.6656335977785304,2.6171811491193564,1.9,2.677635359837737,-0.4,False
Kolkata-Bhubaneswar,Medium,2024-12-02,80524,31413.51,2.563355702689703,2.61283001119929,-1.9,2.6147647711161657,-2.0,False
Kolkata-Bhubaneswar,Medium,2024-12-09,81148,32369.01,2.5069657675659527,2.5956731863189564,-3.4,2.5679725104766,-2.4,False
Kolkata-Bhubaneswar,Medium,2024-12-16,65813,25453.02,2.5856656695354814,2.5813735935697855,0.2,2.57049248599306,0.6,False
Kolkata-Bhubaneswar,Medium,2024-12-23,96967,35929.55,2.6988091974433304,2.570425694440345,5.0,2.6930065651881074,0.2,False
Kolkata-Bhubaneswar,Medium,2024-12-30,47512,18088.730000000003,2.626607838140101,2.591849627525586,1.3,2.6419227485087298,-0.6,False
Kolkata-Bhubaneswar,Medium,2025-01-06,65122,25921.84,2.5122445011619545,2.599982828395609,-3.4,2.616529592790459,-4.0,False
Kolkata-Bhubaneswar,Medium,2025-01-13,101777,38334.5,2.654971370436552,2.588239124211323,2.6,2.5853036072473374,2.7,False
Kolkata-Bhubaneswar,Medium,2025-01-20,58268,22630.6,2.574743930783983,2.6017817055939503,-1.0,3.0439632188951338,-15.4,False
Kolkata-Bhubaneswar,Medium,2025-01-27,83406,32426.0,2.572195152038488,2.590420497219632,-0.7,2.5994979281128927,-1.1,False
Kolkata-Bhubaneswar,Medium,2025-02-03,90566,35618.38,2.5426760004245,2.5915254283882305,-1.9,2.5885991321963617,-1.8,False
Kolkata-Bhubaneswar,Medium,2025-02-10,103305,39205.38,2.634969996464771,2.595989207495549,1.5,2.581255842863385,2.1,False
Kolkata-Bhubaneswar,Medium,2025-02-17,73837,27908.54,2.645677631291354,2.60215224836171,1.7,2.6754203625601516,-1.1,False
Kolkata-Bhubaneswar,Medium,2025-02-24,83115,31204.79,2.663533387021672,2.5955108025927127,2.6,3.0433900998492014,-12.5,False
Kolkata-Bhubaneswar,Medium,2025-03-03,63612,23761.98,2.677049639802744,2.6001264962029094,3.0,3.033523169286595,-11.8,False
Kolkata-Bhubaneswar,Medium,2025-03-10,98032,36304.77,2.7002512342042104,2.6207271385330078,3.0,3.104374287330059,-13.0,False
Kolkata-Bhubaneswar,Medium,2025-03-17,58084,22871.5,2.539579826421529,2.6263871215039654,-3.3,3.0639546737948793,-17.1,False
Kolkata-Bhubaneswar,Medium,2025-03-24,108459,41610.16,2.606550900068637,2.6219916084586585,-0.6,2.572708298929456,1.3,False
Kolkata-Bhubaneswar,Medium,2025-03-31,82265,31091.78,2.645876176918787,2.626286076962427,0.7,2.699088470711774,-2.0,False
Kolkata-Bhubaneswar,Medium,2025-04-07,56800,22001.67,2.5816222132229054,2.639186099024213,-2.2,2.6172670455559257,-1.4,False
Kolkata-Bhubaneswar,Medium,2025-04-14,74680,29040.28,2.5716005493059986,2.6325176261189798,-2.3,2.5728502425717066,-0.0,False
Kolkata-Bhubaneswar,Medium,2025-04-21,74681,28766.35,2.5961235957985638,2.6232579908708105,-1.0,2.59153596623709,0.2,False
Kolkata-Bhubaneswar,Medium,2025-04-28,88668,34387.89,2.578465849460377,2.6148317669679217,-1.4,2.6723802364977667,-3.5,False
Kolkata-Bhubaneswar,Medium,2025-05-05,57125,20892.02,2.7342975930522755,2.602508793175126,5.1,2.7723561573027506,-1.4,False
Kolkata-Bhubaneswar,Medium,2025-05-12,68972,26253.25,2.6271794920628877,2.606764588031134,0.8,2.780838723076898,-5.5,False
Kolkata-Bhubaneswar,Medium,2025-05-19,50729,18343.74,2.765466584240728,2.617714546236304,5.6,2.726909935584687,1.4,False
Kolkata-Bhubaneswar,Medium,2025-05-26,56038,19757.97,2.8362225471543887,2.6375790067578153,7.5,2.6999886931450323,5.0,False
Kolkata-Bhubaneswar,Medium,2025-06-02,101421,37527.93,2.702547142887977,2.6613723030372656,1.5,2.7800099923533206,-2.8,False
Kolkata-Bhubaneswar,Medium,2025-06-09,78482,29301.18,2.678458683233917,2.6764879192453996,0.1,2.7969894873823655,-4.2,False
Kolkata-Bhubaneswar,Medium,2025-06-16,75436,28193.54,2.6756483932134807,2.6898451859863894,-0.5,2.876846905150482,-7.0,False
Kolkata-Bhubaneswar,Medium,2025-06-23,54607,20006.18,2.729506582466018,2.699785785663254,1.1,2.800820677380096,-2.5,False
Kolkata-Bhubaneswar,Medium,2025-06-30,86557,31369.15,2.759303328269972,2.718665877288959,1.5,2.731783514951452,1.0,False
Kolkata-Bhubaneswar,Medium,2025-07-07,75585,26501.82,2.852068273046908,2.7217915941911714,4.8,2.800691526696728,1.8,False
Kolkata-Bhubaneswar,Medium,2025-07-14,78982,29022.17,2.721436749905332,2.7499026918141736,-1.0,2.7460057088679273,-0.9,False
Kolkata-Bhubaneswar,Medium,2025-07-21,113227,41514.12,2.7274334611934448,2.7443989625222494,-0.6,2.8687195328144885,-4.9,False
Kolkata-Bhubaneswar,Medium,2025-07-28,92694,34101.05,2.7182154215192784,2.730800326777131,-0.5,2.7243102797980736,-0.2,False
Kolkata-Bhubaneswar,Medium,2025-08-04,88226,32945.96,2.677900416318116,2.7327588616060434,-2.0,2.796439815995216,-4.2,False
Kolkata-Bhubaneswar,Medium,2025-08-11,74266,26919.73,2.7587943861249724,2.7326890782415685,1.0,2.7321673043419494,1.0,False
Kolkata-Bhubaneswar,Medium,2025-08-18,95222,33447.91,2.846874438492569,2.743082327355505,3.8,2.7342215066394195,4.1,False
Kolkata-Bhubaneswar,Medium,2025-08-25,103514,36544.32,2.8325605730247547,2.757753309358824,2.7,2.736684833641428,3.5,False
Kolkata-Bhubaneswar,Medium,2025-09-01,77294,29215.67,2.645635030789984,2.7669104649531717,-4.4,2.8046733835031796,-5.7,False
Kolkata-Bhubaneswar,Medium,2025-09-08,59793,21716.42,2.753354374247689,2.7411063096710566,0.4,2.698127782494524,2.0,False
Kolkata-Bhubaneswar,Medium,2025-09-15,95578,34238.29,2.7915529659921683,2.745096012713851,1.7,2.887920460273383,-3.3,False
Kolkata-Bhubaneswar,Medium,2025-09-22,95847,35792.83,2.677826816152844,2.7531109508136913,-2.7,2.7806927678961983,-3.7,False
Kolkata-Bhubaneswar,Medium,2025-09-29,89733,31624.85,2.8374205727457995,2.7480623751428874,3.3,2.802003644854061,1.3,False
Kolkata-Bhubaneswar,Medium,2025-10-06,80925,28109.82,2.878887164699027,2.7680023946963477,4.0,2.7612623454309544,4.3,False
Kolkata-Bhubaneswar,Medium,2025-10-13,95333,35560.71000000001,2.6808519852387644,2.7830139920181045,-3.7,2.795369185789225,-4.1,False
Kolkata-Bhubaneswar,Medium,2025-10-20,97216,36191.82,2.6861318386309394,2.7622611853613788,-2.8,2.7996648718871087,-4.1,False
Kolkata-Bhubaneswar,Medium,2025-10-27,94207,34285.68,2.747706914373581,2.7439575935621523,0.1,2.7397841539545578,0.3,False
Kolkata-Bhubaneswar,Medium,2025-11-03,105184,37270.74,2.8221602254208,2.7567165790101016,2.4,2.805090185169357,0.6,False
Kolkata-Bhubaneswar,Medium,2025-11-10,77427,28348.730000000003,2.7312334626630537,2.7653173104067403,-1.2,2.754394613601428,-0.8,False
Kolkata-Bhubaneswar,Medium,2025-11-17,61910,22499.51,2.751615479626001,2.757777372490601,-0.2,2.7795578566583314,-1.0,False
Kolkata-Bhubaneswar,Medium,2025-11-24,64921,23835.64,2.72369443404918,2.767000955424746,-1.6,2.751513535981198,-1.0,False
Kolkata-Bhubaneswar,Medium,2025-12-01,77689,28616.57,2.71482571111772,2.7527851880876684,-1.4,2.833888117122158,-4.2,False
Kolkata-Bhubaneswar,Medium,2025-12-08,61479,21806.57,2.8192879485402798,2.732277506390005,3.2,2.84280284840961,-0.8,False
Kolkata-Bhubaneswar,Medium,2025-12-15,49063,17990.71,2.72712972417431,2.7495820018026946,-0.8,2.835619518903157,-3.8,False
Kolkata-Bhubaneswar,Medium,2025-12-22,92134,32472.12,2.8373262971435187,2.754706737495616,3.0,2.7795510337758267,2.1,False
Mumbai-Delhi,Long,2024-01-01,167434,81580.32,2.052382241207193,,,1.956298374217392,4.9,False
Mumbai-Delhi,Long,2024-01-08,220168,104698.49,2.102876555335229,2.052382241207193,2.5,2.0978558150803948,0.2,False
Mumbai-Delhi,Long,2024-01-15,177076,86367.3,2.050266709738524,2.077629398271211,-1.3,2.1467159233621165,-4.5,False
Mumbai-Delhi,Long,2024-01-22,175807,85005.87,2.068174821338809,2.0685085020936484,-0.0,2.027410534166075,2.0,False
Mumbai-Delhi,Long,2024-01-29,163457,81678.91,2.0012142669386748,2.068425081904939,-3.2,2.0010572897278465,0.0,False
Mumbai-Delhi,Long,2024-02-05,154533,75031.95,2.0595626263211875,2.054982918911686,0.2,2.220759013474882,-7.3,False
Mumbai-Delhi,Long,2024-02-12,169112,80937.91,2.08940408765188,2.055746203479936,1.6,2.044505187447142,2.2,False
Mumbai-Delhi,Long,2024-02-19,147821,74501.25,1.9841412056844685,2.0605544726473566,-3.7,2.1342632911598507,-7.0,False
Mumbai-Delhi,Long,2024-02-26,108426,54963.58,1.97268809637218,2.0510028142769956,-3.8,2.106448996193575,-6.4,False
Mumbai-Delhi,Long,2024-03-04,167567,84631.7,1.9799555013074297,2.0410410461726194,-3.0,2.052449446607298,-3.5,False
Mumbai-Delhi,Long,2024-03-11,242107,119735.38,2.02201721830256,2.0256759144191445,-0.2,2.0203298430967758,0.1,False
Mumbai-Delhi,Long,2024-03-18,180279,87430.87,2.061960495188942,2.022144727989649,2.0,2.2129300588909477,-6.8,False
Mumbai-Delhi,Long,2024-03-25,174542,85257.89,2.0472240164517324,2.0213679372209152,1.3,2.051098426971352,-0.2,False
Mumbai-Delhi,Long,2024-04-01,118167,59133.17,1.998320063003556,2.0271191559100474,-1.4,2.039962093508567,-2.0,False
Mumbai-Delhi,Long,2024-04-08,187559,95311.39,1.967855048593877,2.0194638354953436,-2.6,2.175122258803294,-9.5,False
Mumbai-Delhi,Long,2024-04-15,254303,122662.52999999998,2.073192196508584,2.004270205613093,3.4,2.189590380994658,-5.3,False
Mumbai-Delhi,Long,2024-04-22,133083,63397.42,2.099186370675652,2.0154015794661078,4.2,2.0405367121077247,2.9,False
Mumbai-Delhi,Long,2024-04-29,170573,80804.63,2.1109310196705318,2.031213863754042,3.9,2.0413072135871735,3.4,False
Mumbai-Delhi,Long,2024-05-06,195391,99471.38,1.964293649087808,2.0475858035494294,-4.1,2.0383563881523754,-3.6,False
Mumbai-Delhi,Long,2024-05-13,206522,100765.41,2.0495326719754328,2.0403703573975855,0.4,2.146846388130955,-4.5,False
Mumbai-Delhi,Long,2024-05-20,159961,75431.8,2.1206043074671426,2.0388168794958967,4.0,2.192486403421971,-3.3,False
Mumbai-Delhi,Long,2024-05-27,159688,75724.66,2.108797847359104,2.047989415872823,3.0,2.0909316569813408,0.9,False
Mumbai-Delhi,Long,2024-06-03,217072,104010.02,2.0870296919469875,2.0617991389172667,1.2,2.1755068388256356,-4.1,False
Mumbai-Delhi,Long,2024-06-10,114709,58150.47,1.972623781028769,2.0766959693364053,-5.0,2.1845430210001098,-9.7,False
Mumbai-Delhi,Long,2024-06-17,214065,102129.26,2.096020278615551,2.0641249174014282,1.5,2.18984717054836,-4.3,False
Mumbai-Delhi,Long,2024-06-24,270199,129122.12,2.0925849110903694,2.063729155893916,1.4,2.08465374244201,0.4,False
Mumbai-Delhi,Long,2024-07-01,250303,127177.84,1.9681337566355896,2.0614358923213953,-4.5,2.1180672304752957,-7.1,False
Mumbai-Delhi,Long,2024-07-08,164699,79082.11,2.08263284831424,2.0619159057648684,1.0,2.127978930907513,-2.1,False
Mumbai-Delhi,Long,2024-07-15,229901,113512.38,2.025338557785503,2.066053427807219,-2.0,2.1406190894400665,-5.4,False
Mumbai-Delhi,Long,2024-07-22,210130,100006.2,2.101169727476897,2.054145209097014,2.3,1.9461139430788021,8.0,False
Mumbai-Delhi,Long,2024-07-29,227741,110459.29,2.061764112371173,2.0531916941117383,0.4,1.9948209895335784,3.4,False
Mumbai-Delhi,Long,2024-08-05,230476,113556.51,2.0296150348403628,2.0500334966647613,-1.0,1.9977591823945082,1.6,False
Mumbai-Delhi,Long,2024-08-12,198250,99302.68,1.9964214460274388,2.057157403391211,-3.0,2.098544147759444,-4.9,False
Mumbai-Delhi,Long,2024-08-19,191602,94035.0,2.0375604827989577,2.0447075493176965,-0.3,2.0709845265139015,-1.6,False
Mumbai-Delhi,Long,2024-08-26,179946,90724.98,1.9834228676600425,2.03782949578127,-2.7,2.1226394430285707,-6.6,False
Mumbai-Delhi,Long,2024-09-02,197426,99927.29,1.9756965289461963,2.039740634659327,-3.1,2.1102290936932047,-6.4,False
Mumbai-Delhi,Long,2024-09-09,218722,110146.19,1.9857427660457436,2.0263735947383212,-2.0,2.118994579836392,-6.3,False
Mumbai-Delhi,Long,2024-09-16,194466,94618.1,2.0552727226608862,2.0214241207708517,1.7,2.146904864257266,-4.3,False
Mumbai-Delhi,Long,2024-09-23,129357,63432.45,2.0392874624896247,2.01568699516885,1.2,2.116523420076731,-3.6,False
Mumbai-Delhi,Long,2024-09-30,196820,95448.18,2.062061319555805,2.0128774139336567,2.4,2.0662098665282125,-0.2,False
Mumbai-Delhi,Long,2024-10-07,249248,116964.73,2.130967172753701,2.016933199523087,5.7,1.9923355607279145,7.0,False
Mumbai-Delhi,Long,2024-10-14,118645,58179.4,2.039295695727354,2.0337514153638696,0.3,2.190176723346301,-6.9,False
Mumbai-Delhi,Long,2024-10-21,196382,99530.93,1.97307510338746,2.033968316979919,-3.0,2.180135721502813,-9.5,False
Mumbai-Delhi,Long,2024-10-28,146031,72886.9,2.0035287548242557,2.0326748464458464,-1.4,2.0435917537778465,-2.0,False
Mumbai-Delhi,Long,2024-11-04,198259,98239.2,2.018125147598922,2.0361538746806036,-0.9,2.136985931702612,-5.6,False
Mumbai-Delhi,Long,2024-11-11,162243,77250.82999999999,2.100210444340857,2.040201672374751,2.9,2.041987829412233,2.9,False
Mumbai-Delhi,Long,2024-11-18,219243,106336.41,2.0617867388978053,2.045818887584747,0.8,1.9900628395458768,3.6,False
Mumbai-Delhi,Long,2024-11-25,169283,86774.95999999999,1.9508277503095368,2.04863129713577,-4.8,1.9886908262854648,-1.9,False
Mumbai-Delhi,Long,2024-12-02,210955,102476.02,2.058579168082445,2.0347271009799863,1.2,1.9680870134699173,4.6,False
Mumbai-Delhi,Long,2024-12-09,138680,69259.47,2.0023254581647825,2.0256786003960796,-1.2,2.169191199009753,-7.7,False
Mumbai-Delhi,Long,2024-12-16,162290,81143.53,2.0000362320939207,2.021057320700758,-1.0,2.036109408862508,-1.8,False
Mumbai-Delhi,Long,2024-12-23,232593,113588.99,2.047672049905541,2.0244274617890654,1.1,2.0894419465971006,-2.0,False
Mumbai-Delhi,Long,2024-12-30,202839,101885.23,1.9908577523945328,2.0299453736742263,-1.9,2.170761036416544,-8.3,False
Mumbai-Delhi,Long,2025-01-06,257712,123873.26,2.0804490008578123,2.0265369492736776,2.7,2.0189153924776004,3.0,False
Mumbai-Delhi,Long,2025-01-13,175083,86382.65000000001,2.0268306193431203,2.024066768838297,0.1,1.9973096158496446,1.5,False
Mumbai-Delhi,Long,2025-01-20,128667,61642.72,2.0873024422024207,2.0196972538939613,3.3,1.9624171884867136,6.4,False
Mumbai-Delhi,Long,2025-01-27,220864,111417.39,1.98231173787144,2.0367565903805716,-2.7,2.1813316405579246,-9.1,False
Mumbai-Delhi,Long,2025-02-03,174960,85910.49,2.03653826209116,2.0272231616041965,0.5,2.2145952929752712,-8.0,False
Mumbai-Delhi,Long,2025-02-10,127862,63733.22,2.006206496392305,2.0314997620949935,-1.2,2.038185202849274,-1.6,False
Mumbai-Delhi,Long,2025-02-17,210037,105902.55,1.983304462451565,2.032271045132292,-2.4,2.2192878406636614,-10.6,False
Mumbai-Delhi,Long,2025-02-24,155785,75810.92,2.0549150439013277,2.024225096700545,1.5,2.076577849249985,-1.0,False
Mumbai-Delhi,Long,2025-03-03,218659,108111.11,2.022539589131959,2.032232258138894,-0.5,2.1519571147918968,-6.0,False
Mumbai-Delhi,Long,2025-03-10,182887,89068.65,2.053326282592136,2.0249935816731623,1.4,2.118781316815309,-3.1,False
Mumbai-Delhi,Long,2025-03-17,207645,101191.55,2.0519994011357667,2.0283055395792893,1.2,2.081499517087023,-1.4,False
Mumbai-Delhi,Long,2025-03-24,143807,69924.7,2.0565980261624293,2.0238926594459574,1.6,1.986721668215314,3.5,False
Mumbai-Delhi,Long,2025-03-31,113169,55712.95,2.031287160346024,2.0331784454823314,-0.1,2.0477336855365595,-0.8,False
Mumbai-Delhi,Long,2025-04-07,153891,75788.26999999999,2.030538498899632,2.032522057764189,-0.1,2.208679844091445,-8.1,False
Mumbai-Delhi,Long,2025-04-14,245201,123135.34,1.9913129731886885,2.035563558077605,-2.2,1.983596083052165,0.4,False
Mumbai-Delhi,Long,2025-04-21,138859,69297.98,2.0037957816375025,2.0365646219197453,-1.6,2.063149924524308,-2.9,False
Mumbai-Delhi,Long,2025-04-28,174901,88074.26,1.9858355891948452,2.030174714136767,-2.2,2.0677589762260067,-4.0,False
Mumbai-Delhi,Long,2025-05-05,171409,78890.03,2.1727587123493297,2.025586714144628,7.3,2.198696684462253,-1.2,False
Mumbai-Delhi,Long,2025-05-12,170002,74638.2,2.277680865830098,2.040515767864277,11.6,2.1355164957605006,6.7,False
Mumbai-Delhi,Long,2025-05-19,144850,68335.65,2.1196842350954443,2.0687259509510687,2.5,2.109414123071192,0.5,False
Mumbai-Delhi,Long,2025-05-26,252641,115492.45,2.1875109585085437,2.0766117270676956,5.3,2.1113633400854375,3.6,False
Mumbai-Delhi,Long,2025-06-02,174801,77438.58,2.257285709526182,2.0961397018380103,7.7,2.0630241533603004,9.4,False
Mumbai-Delhi,Long,2025-06-09,197528,89379.0,2.210004587207286,2.1244831031663294,4.0,2.198903719120916,0.5,False
Mumbai-Delhi,Long,2025-06-16,251250,111679.35,2.2497444693222155,2.151819554918654,4.6,2.058274808333958,9.3,False
Mumbai-Delhi,Long,2025-06-23,212669,95624.1,2.224010474346948,2.182563140879243,1.9,2.04527847361748,8.7,False
Mumbai-Delhi,Long,2025-06-30,262986,123183.98,2.1349042302416272,2.2123350015232557,-3.5,2.153644778811427,-0.9,False
Mumbai-Delhi,Long,2025-07-07,128220,60581.95,2.116471985467619,2.207603191259793,-4.1,1.9786046944977298,7.0,False
Mumbai-Delhi,Long,2025-07-14,299558,141505.11,2.1169412185892087,2.187452081214483,-3.2,2.1702416417906205,-2.5,False
Mumbai-Delhi,Long,2025-07-21,148023,67110.52,2.205660155814617,2.1871092041512035,0.8,2.0392900262143385,8.2,False
Mumbai-Delhi,Long,2025-07-28,145389,65171.76,2.2308588873462982,2.189377853814463,1.9,2.062709519806737,8.2,False
Mumbai-Delhi,Long,2025-08-04,190828,90447.35,2.1098241131442768,2.1860745010419773,-3.5,2.177723560866708,-3.1,False
Mumbai-Delhi,Long,2025-08-11,148897,68881.25,2.1616477633608566,2.173551941784101,-0.5,1.9875632227052167,8.8,False
Mumbai-Delhi,Long,2025-08-18,170150,76504.45999999999,2.2240533427724345,2.1625398535389313,2.8,2.0091995404377454,10.7,False
Mumbai-Delhi,Long,2025-08-25,111280,52940.07,2.101999487344841,2.1625452120921174,-2.8,2.016425808178081,4.2,False
Mumbai-Delhi,Long,2025-09-01,258328,118893.48,2.1727684310359154,2.158432119230019,0.7,2.1297733430926677,2.0,False
Mumbai-Delhi,Long,2025-09-08,111791,53338.630000000005,2.0958731036023983,2.165469174926056,-3.2,2.14741053737507,-2.4,False
Mumbai-Delhi,Long,2025-09-15,140366,64515.44,2.175696236435805,2.162835660552705,0.6,2.0555846845360697,5.8,False
Mumbai-Delhi,Long,2025-09-22,115338,52008.880000000005,2.2176597534882503,2.1590901706303534,2.7,1.9816189298985276,11.9,False
Mumbai-Delhi,Long,2025-09-29,269776,123497.62,2.184463149978113,2.1574402788980973,1.3,2.084686608045349,4.8,False
Mumbai-Delhi,Long,2025-10-06,195565,86308.54,2.2658823796579117,2.166770158502327,4.6,2.107767464796165,7.5,False
Mumbai-Delhi,Long,2025-10-13,182528,85172.72,2.1430335910371303,2.1797994855394585,-1.7,2.0536056831336182,4.4,False
Mumbai-Delhi,Long,2025-10-20,181057,85803.81,2.1101277437447123,2.169672016572546,-2.7,2.0692583697434817,2.0,False
Mumbai-Delhi,Long,2025-10-27,186492,87985.25,2.1195825436649893,2.1706880486225297,-2.4,2.181260189422329,-2.8,False
Mumbai-Delhi,Long,2025-11-03,132280,62079.33,2.1308219660231518,2.164039812701164,-1.5,2.034637887136491,4.7,False
Mumbai-Delhi,Long,2025-11-10,155922,73720.95,2.115029716790139,2.168408420503758,-2.5,2.197442711775526,-3.8,False
Mumbai-Delhi,Long,2025-11-17,275672,130766.23,2.1081283753458364,2.16082510554805,-2.4,2.000526440902417,5.4,False
Mumbai-Delhi,Long,2025-11-24,195075,87157.65,2.2381856325864686,2.147133683280248,4.2,2.029318691900332,10.3,False
Mumbai-Delhi,Long,2025-12-01,268896,125057.58,2.1501775422169533,2.1538489936062923,-0.2,2.071703272273256,3.8,False
Mumbai-Delhi,Long,2025-12-08,217468,100419.48,2.165595758910522,2.1393858889261725,1.2,1.9828796331593561,9.2,False
Mumbai-Delhi,Long,2025-12-15,131274,61230.03,2.14394799414601,2.1422061599103466,0.1,1.9675850729410822,9.0,False
Mumbai-Delhi,Long,2025-12-22,244332,110265.43,2.215853146357839,2.146433691210509,3.2,1.990527960462395,11.3,False
Mumbai-Pune,Short,2024-01-01,34849,10556.22,3.3012764038642617,,,3.000124589086287,10.0,False
Mumbai-Pune,Short,2024-01-08,19157,5664.5,3.3819401535881366,3.3012764038642617,2.4,3.053238844499479,10.8,False
Mumbai-Pune,Short,2024-01-15,26887,7881.23,3.411523328211459,3.3416082787261994,2.1,3.0182846114441744,13.0,False
Mumbai-Pune,Short,2024-01-22,27538,8150.01,3.378891559642258,3.3649132952212857,0.4,2.9905207109637173,13.0,False
Mumbai-Pune,Short,2024-01-29,35824,10924.09,3.279357822939943,3.3684078613265287,-2.6,3.193044427848018,2.7,False
Mumbai-Pune,Short,2024-02-05,29429,8943.580000000002,3.2905167729253826,3.3505978536492114,-1.8,3.0195634535054943,9.0,False
Mumbai-Pune,Short,2024-02-12,39068,11907.57,3.280938092322783,3.34058434019524,-1.8,3.1142032044219157,5.4,False
Mumbai-Pune,Short,2024-02-19,46401,13727.06,3.380257680814391,3.332063447642032,1.4,2.99424656704531,12.9,False
Mumbai-Pune,Short,2024-02-26,15465,4758.57,3.249925923123964,3.3380877267885767,-2.6,3.0959226120172616,5.0,False
Mumbai-Pune,Short,2024-03-04,26244,7696.45,3.40988377758577,3.3316689166960396,2.3,3.000886739557641,13.6,False
Mumbai-Pune,Short,2024-03-11,23401,7003.99,3.3410955755219525,3.335161869695744,0.2,3.112900922683544,7.3,False
Mumbai-Pune,Short,2024-03-18,25846,7569.33,3.4145690569706963,3.3263584006095557,2.7,3.0794829093359195,10.9,False
Mumbai-Pune,Short,2024-03-25,31642,8954.82,3.5335160282395406,3.3308180877756106,6.1,3.1745168814310696,11.3,False
Mumbai-Pune,Short,2024-04-01,35782,10748.7,3.3289607115279054,3.36258786343806,-1.0,2.989638453642722,11.3,False
Mumbai-Pune,Short,2024-04-08,32045,9174.75,3.4927382217499114,3.3673933557633755,3.7,3.125594634942489,11.7,False
Mumbai-Pune,Short,2024-04-15,20513,5745.26,3.5704215300961137,3.393868371941766,5.2,3.2014746514424037,11.5,False
Mumbai-Pune,Short,2024-04-22,27038,8130.51,3.325498646456372,3.4176388531019817,-2.7,3.0583944142533848,8.7,False
Mumbai-Pune,Short,2024-04-29,41594,11830.38,3.515863395765816,3.4270854435185325,2.6,3.074264709054747,14.4,False
Mumbai-Pune,Short,2024-05-06,22435,6402.64,3.5040233403720964,3.4403328957910384,1.9,3.0954422438138463,13.2,False
Mumbai-Pune,Short,2024-05-13,26011,7876.900000000001,3.302187408752174,3.4606988663973066,-4.6,3.060597254279632,7.9,False
Mumbai-Pune,Short,2024-05-20,24154,7225.57,3.342850460240507,3.446651160369991,-3.0,3.05433489252507,9.4,False
Mumbai-Pune,Short,2024-05-27,37864,10992.78,3.4444426250684543,3.422817964370112,0.6,3.1062883197284608,10.9,False
Mumbai-Pune,Short,2024-06-03,25490,7542.09,3.3796997914371216,3.4372532035626806,-1.7,3.141090487024008,7.6,False
Mumbai-Pune,Short,2024-06-10,37371,10575.95,3.533583271479157,3.423123399773582,3.2,3.0307295587311267,16.6,True
Mumbai-Pune,Short,2024-06-17,30914,9279.66,3.3313720545795857,3.418518617446462,-2.5,3.174488942112091,4.9,False
Mumbai-Pune,Short,2024-06-24,38345,11446.28,3.349996680144117,3.419252793461864,-2.0,3.0987733667018356,8.1,False
Mumbai-Pune,Short,2024-07-01,39325,11679.88,3.366901029805101,3.3985194540091515,-0.9,3.191959322453199,5.5,False
Mumbai-Pune,Short,2024-07-08,30111,8492.029999999999,3.545795292762744,3.381379165188277,4.9,3.1168371831289035,13.8,False
Mumbai-Pune,Short,2024-07-15,26754,7767.98,3.4441386306349915,3.4118301506895983,0.9,3.0878248301608573,11.5,False
Mumbai-Pune,Short,2024-07-22,33387,9496.18,3.5158347883043497,3.424491171988909,2.7,3.12707767184565,12.4,False
Mumbai-Pune,Short,2024-07-29,39314,11597.16,3.3899678886899896,3.433415192393396,-1.3,3.1466393908496375,7.7,False
Mumbai-Pune,Short,2024-08-05,22177,6579.64,3.3705491485856367,3.434698704550004,-1.9,3.0568969586497357,10.3,False
Mumbai-Pune,Short,2024-08-12,21044,6290.8,3.345202517962739,3.4143194391883145,-2.0,3.002555648247461,11.4,False
Mumbai-Pune,Short,2024-08-19,34387,10049.52,3.421755466927773,3.416048247111209,0.2,3.075385452583636,11.3,False
Mumbai-Pune,Short,2024-08-26,47994,14151.04,3.391552846999231,3.4250180954591656,-1.0,3.1060974515646174,9.2,False
Mumbai-Pune,Short,2024-09-02,39728,12084.15,3.287612285514496,3.428099572608432,-4.1,3.081389469035334,6.7,False
Mumbai-Pune,Short,2024-09-09,44259,13513.98,3.275052945172333,3.3958266967024007,-3.6,3.1693666764970017,3.3,False
Mumbai-Pune,Short,2024-09-16,40888,11921.36,3.4298100216753795,3.3746909860195684,1.6,3.1643300939939465,8.4,False
Mumbai-Pune,Short,2024-09-23,30114,8683.82,3.467828674477361,3.363937890190947,3.1,3.151779608207148,10.0,False
Mumbai-Pune,Short,2024-09-30,27058,7906.47,3.422260503106949,3.3736704884143687,1.4,3.015728475216197,13.5,False
Mumbai-Pune,Short,2024-10-07,37970,10808.07,3.513115662648373,3.3801344077295328,3.9,3.0884291822040644,13.8,False
Mumbai-Pune,Short,2024-10-14,26157,7797.6,3.3544936903662665,3.4011235508152367,-1.4,3.0945656781283994,8.4,False
Mumbai-Pune,Short,2024-10-21,35932,10766.08,3.3375193199381763,3.392715828745049,-1.6,3.077671631498974,8.4,False
Mumbai-Pune,Short,2024-10-28,45846,13128.82,3.492012229583466,3.3859616378624167,3.1,3.0342132300731706,15.1,True
Mumbai-Pune,Short,2024-11-04,44076,12877.26,3.422777826960083,3.411511630871038,0.3,3.0070145642918766,13.8,False
Mumbai-Pune,Short,2024-11-11,39475,11449.51,3.4477457987285045,3.4299772410945066,0.5,4.1729570742422215,-17.4,False
Mumbai-Pune,Short,2024-11-18,27703,8104.77,3.418110569454777,3.4322192132261473,-0.4,4.09056418496697,-16.4,False
Mumbai-Pune,Short,2024-11-25,26516,7726.23,3.4319454636996314,3.4260044500983247,0.2,3.057646609169616,12.2,False
Mumbai-Pune,Short,2024-12-02,25020,7272.21,3.4404947051859063,3.4272150701724096,0.4,3.0450670601508714,13.0,False
Mumbai-Pune,Short,2024-12-09,29655,8650.380000000001,3.428173097598024,3.4181374504896014,0.3,3.2214860208844813,6.4,False
Mumbai-Pune,Short,2024-12-16,39097,11022.72,3.54694667015038,3.4273473763935707,3.5,3.076749650643224,15.3,True
Mumbai-Pune,Short,2024-12-23,19865,5664.6900000000005,3.506811493656316,3.453525795170097,1.5,3.112671142027137,12.7,False
Mumbai-Pune,Short,2024-12-30,44440,13058.9,3.4030431353329917,3.455375703179203,-1.5,3.2183319030184783,5.7,False
Mumbai-Pune,Short,2025-01-06,44306,12666.080000000002,3.498004118085469,3.4529088667258163,1.3,3.1695157011646446,10.4,False
Mumbai-Pune,Short,2025-01-13,19403,5499.33,3.52824798657291,3.459191156645437,2.0,3.0456888656997902,15.8,True
Mumbai-Pune,Short,2025-01-20,35692,10185.580000000002,3.5041696201885406,3.4729583337852032,0.9,3.0626419384480377,14.4,False
Mumbai-Pune,Short,2025-01-27,23970,7078.620000000001,3.3862532527526548,3.481986353346317,-2.7,3.14393683879164,7.7,False
Mumbai-Pune,Short,2025-02-03,25075,7524.69,3.3323631936996736,3.475206171792161,-4.1,3.0152735695620803,10.5,False
Mumbai-Pune,Short,2025-02-10,35911,10600.27,3.387743897089414,3.463229933804867,-2.2,2.9893656191704183,13.3,False
Mumbai-Pune,Short,2025-02-17,25517,7486.26,3.4085110589266203,3.443329587172246,-1.0,3.096863432502285,10.1,False
Mumbai-Pune,Short,2025-02-24,38846,11390.45,3.410400818229306,3.431042032831034,-0.6,3.0826648241960197,10.6,False
Mumbai-Pune,Short,2025-03-03,32151,9185.84,3.500060963395835,3.4319617431930736,2.0,3.2186160226789817,8.7,False
Mumbai-Pune,Short,2025-03-10,44175,12566.73,3.515234273355121,3.432218848856869,2.4,3.1829782537128866,10.4,False
Mumbai-Pune,Short,2025-03-17,23471,6922.8,3.3903911712024035,3.430592134704646,-1.2,3.0785154656676097,10.1,False
Mumbai-Pune,Short,2025-03-24,26460,7906.070000000001,3.346795563408874,3.4163698285813786,-2.0,3.1392449796071875,6.6,False
Mumbai-Pune,Short,2025-03-31,21658,6700.619999999999,3.232238210792435,3.411437617413406,-5.3,3.0556091823346243,5.8,False
Mumbai-Pune,Short,2025-04-07,35201,9982.65,3.526217988209544,3.398921994550001,3.7,3.1881643364078243,10.6,False
Mumbai-Pune,Short,2025-04-14,41400,12178.79,3.399352480829376,3.4162312559400174,-0.5,2.995309168443497,13.5,False
Mumbai-Pune,Short,2025-04-21,27382,8313.1,3.293837437297759,3.415086433677862,-3.6,3.072194137196133,7.2,False
Mumbai-Pune,Short,2025-04-28,39430,11546.86,3.414781161285405,3.4005160110614185,0.4,3.033777325527324,12.6,False
Mumbai-Pune,Short,2025-05-05,32029,8860.5,3.614807290784944,3.3898560357976146,6.6,3.323786517774917,8.8,False
Mumbai-Pune,Short,2025-05-12,39132,10889.96,3.59340162865612,3.4023026629763424,5.6,3.1848870962999465,12.8,False
Mumbai-Pune,Short,2025-05-19,35349,10176.02,3.473754965104235,3.4276789701580572,1.3,3.3235820912256573,4.5,False
Mumbai-Pune,Short,2025-05-26,24399,7016.0,3.4776225769669327,3.443548895369977,1.0,3.2798987495107466,6.0,False
Mumbai-Pune,Short,2025-06-02,45810,12827.46,3.571244813860265,3.4742219411417894,2.8,3.143201151169279,13.6,False
Mumbai-Pune,Short,2025-06-09,41097,11828.23,3.474484348038549,3.4798502943481298,-0.2,3.276807952072161,6.0,False
Mumbai-Pune,Short,2025-06-16,28364,7625.69,3.719532265276978,3.489241777749276,6.6,3.2925805672359227,13.0,False
Mumbai-Pune,Short,2025-06-23,26293,6988.68,3.762226915526251,3.5424536312466786,6.2,3.1206702077053943,20.6,True
Mumbai-Pune,Short,2025-06-30,36279,10235.9,3.544290194316084,3.5858843505267846,-1.2,3.335606249708276,6.3,False
Mumbai-Pune,Short,2025-07-07,45027,12370.34,3.63991612194976,3.577069713468177,1.8,3.228798489605058,12.7,False
Mumbai-Pune,Short,2025-07-14,41384,11522.22,3.591668966570678,3.5828840251298817,0.2,3.3924006028837717,5.9,False
Mumbai-Pune,Short,2025-07-21,40014,11343.009999999998,3.527635080988204,3.597623275313187,-1.9,3.2058459788168485,10.0,False
Mumbai-Pune,Short,2025-07-28,37406,10496.87,3.563538464323174,3.603874838315846,-1.1,3.3363586311316045,6.8,False
Mumbai-Pune,Short,2025-08-04,27008,7250.33,3.725071824316962,3.6029115446237094,3.4,3.3365197179552135,11.6,False
Mumbai-Pune,Short,2025-08-11,36607,10368.32,3.530658775963705,3.6342349791585113,-2.9,3.3717358088444347,4.7,False
Mumbai-Pune,Short,2025-08-18,37780,9980.919999999998,3.785222203965166,3.610625792994352,4.8,3.277989899436712,15.5,True
Mumbai-Pune,Short,2025-08-25,46601,12831.29,3.631825015255676,3.613500204049217,0.5,3.2304127886777083,12.4,False
Mumbai-Pune,Short,2025-09-01,39105,10658.62,3.668861447354349,3.6244420566666657,1.2,3.451675598899536,6.3,False
Mumbai-Pune,Short,2025-09-08,23499,6321.41,3.717366853281151,3.6280602223422393,2.5,3.2490361690471605,14.4,False
Mumbai-Pune,Short,2025-09-15,34203,8591.97,3.980809988861693,3.6437724581810484,9.2,3.2200631265023114,23.6,True
Mumbai-Pune,Short,2025-09-22,23816,6272.530000000001,3.796873032093908,3.7004193216652346,2.6,3.2132616991222593,18.2,True
Mumbai-Pune,Short,2025-09-29,18951,4960.17,3.8206351798426255,3.729586142636576,2.4,3.435736916511914,11.2,False
Mumbai-Pune,Short,2025-10-06,44675,11333.27,3.941933793159432,3.7415315620772844,5.4,3.2076541666060807,22.9,True
Mumbai-Pune,Short,2025-10-13,36894,9544.31,3.865549212043615,3.7929409392267504,1.9,3.3040475259408253,17.0,True
Mumbai-Pune,Short,2025-10-20,39114,9550.87,4.095333723524663,3.802981815236556,7.7,3.280635187457082,24.8,True
Mumbai-Pune,Short,2025-10-27,29049,7131.679999999999,4.073233796244364,3.860920403770179,5.5,3.175794981332303,28.3,True
Mumbai-Pune,Short,2025-11-03,44487,10593.72,4.199374723893024,3.9114669473814314,7.4,3.384580905210747,24.1,True
Mumbai-Pune,Short,2025-11-10,41258,10397.6,3.9680310840963298,3.9717179312079156,-0.1,3.2678342781499055,21.4,True
Mumbai-Pune,Short,2025-11-17,30600,7079.93,4.322076630701151,3.9701205681122453,8.9,3.2840674798770078,31.6,True
Mumbai-Pune,Short,2025-11-24,30766,7402.039999999999,4.15642174319512,4.03577101793815,3.0,3.3779523991731564,23.0,True
Mumbai-Pune,Short,2025-12-01,62633,14258.11,4.39279820396953,4.0777443383572125,7.7,3.197263163309926,37.4,True
Mumbai-Pune,Short,2025-12-08,33602,7581.78,4.43194078435407,4.134102389708475,7.2,3.192948984068379,38.8,True
Mumbai-Pune,Short,2025-12-15,31391,7153.68,4.388091164267901,4.204901336247281,4.4,3.238369017603138,35.5,True
Mumbai-Pune,Short,2025-12-22,32197,7178.280000000001,4.485336320121254,4.241496016340187,5.7,3.2289253632943886,38.9,True
