route,route_type,week_of,total_cost,total_tonne_km,cost_per_tonne_km
Ahmedabad-Mumbai,Medium,2024-01-01,65994,26442.190000000002,2.495784199417673
Ahmedabad-Mumbai,Medium,2024-01-08,114257,44419.41,2.5722313736269795
Ahmedabad-Mumbai,Medium,2024-01-15,65390,25489.76,2.5653438871138845
Ahmedabad-Mumbai,Medium,2024-01-22,120960,45311.09,2.6695451378459447
Ahmedabad-Mumbai,Medium,2024-01-29,106792,42837.97,2.4929285864853075
Ahmedabad-Mumbai,Medium,2024-02-05,47186,18545.07,2.5443958960521584
Ahmedabad-Mumbai,Medium,2024-02-12,61181,24717.15,2.475244921036608
Ahmedabad-Mumbai,Medium,2024-02-19,76346,30844.010000000002,2.4752293881372753
Ahmedabad-Mumbai,Medium,2024-02-26,82927,32301.75,2.5672602877553072
Ahmedabad-Mumbai,Medium,2024-03-04,102309,40561.72,2.5223042809821674
Ahmedabad-Mumbai,Medium,2024-03-11,75344,28747.7,2.620870539208354
Ahmedabad-Mumbai,Medium,2024-03-18,85768,33947.58,2.526483478351034
Ahmedabad-Mumbai,Medium,2024-03-25,100958,38159.69,2.645671387791672
Ahmedabad-Mumbai,Medium,2024-04-01,93785,36685.05,2.5564909956508166
Ahmedabad-Mumbai,Medium,2024-04-08,58831,22703.100000000002,2.5913201280882343
Ahmedabad-Mumbai,Medium,2024-04-15,71337,29025.93,2.4576990297985284
Ahmedabad-Mumbai,Medium,2024-04-22,62938,23521.32,2.6757852025311504
Ahmedabad-Mumbai,Medium,2024-04-29,77471,30729.53,2.5210603611574927
Ahmedabad-Mumbai,Medium,2024-05-06,87371,33617.869999999995,2.5989451443532863
Ahmedabad-Mumbai,Medium,2024-05-13,68706,25886.98,2.654075523680244
Ahmedabad-Mumbai,Medium,2024-05-20,50322,19512.1,2.5790150726984797
Ahmedabad-Mumbai,Medium,2024-05-27,109179,43769.32,2.4944184648059418
Ahmedabad-Mumbai,Medium,2024-06-03,62381,25124.77,2.4828485992110574
Ahmedabad-Mumbai,Medium,2024-06-10,101406,41507.22,2.4430930329711313
Ahmedabad-Mumbai,Medium,2024-06-17,60993,24292.57,2.5107676956369787
Ahmedabad-Mumbai,Medium,2024-06-24,113404,43289.33,2.6196755643942744
Ahmedabad-Mumbai,Medium,2024-07-01,72570,27652.260000000002,2.6243786222174967
Ahmedabad-Mumbai,Medium,2024-07-08,122820,47462.21,2.587742964349953
Ahmedabad-Mumbai,Medium,2024-07-15,85905,33597.51,2.5568859120809844
Ahmedabad-Mumbai,Medium,2024-07-22,47248,18716.75,2.524369882591796
Ahmedabad-Mumbai,Medium,2024-07-29,104883,43020.8,2.437960242487355
Ahmedabad-Mumbai,Medium,2024-08-05,86376,34354.89,2.51422723228047
Ahmedabad-Mumbai,Medium,2024-08-12,78524,32154.340000000004,2.442096463494508
Ahmedabad-Mumbai,Medium,2024-08-19,75091,28214.36,2.6614461572050545
Ahmedabad-Mumbai,Medium,2024-08-26,57267,22214.29,2.5779351939674866
Ahmedabad-Mumbai,Medium,2024-09-02,61677,24576.03,2.50964049116151
Ahmedabad-Mumbai,Medium,2024-09-09,97010,38692.65,2.5071945188556484
Ahmedabad-Mumbai,Medium,2024-09-16,78424,30303.57,2.5879459086833663
Ahmedabad-Mumbai,Medium,2024-09-23,59790,24085.260000000002,2.4824311632924037
Ahmedabad-Mumbai,Medium,2024-09-30,82824,33280.99,2.4886278923794034
Ahmedabad-Mumbai,Medium,2024-10-07,103576,41561.96,2.492086513725532
Ahmedabad-Mumbai,Medium,2024-10-14,93879,37972.38,2.472296969534172
Ahmedabad-Mumbai,Medium,2024-10-21,80692,31581.329999999998,2.5550538878508284
Ahmedabad-Mumbai,Medium,2024-10-28,76251,28530.51,2.672612582109468
Ahmedabad-Mumbai,Medium,2024-11-04,70340,27894.01,2.521688348143562
Ahmedabad-Mumbai,Medium,2024-11-11,108179,41848.78,2.584997698857649
Ahmedabad-Mumbai,Medium,2024-11-18,47507,18308.100000000002,2.5948623833166735
Ahmedabad-Mumbai,Medium,2024-11-25,85307,32847.69,2.5970471591761854
Ahmedabad-Mumbai,Medium,2024-12-02,99241,39748.88,2.4966992780677093
Ahmedabad-Mumbai,Medium,2024-12-09,91496,36806.82,2.485843656148507
Ahmedabad-Mumbai,Medium,2024-12-16,125645,51239.17,2.4521279325953174
Ahmedabad-Mumbai,Medium,2024-12-23,98229,37307.700000000004,2.6329417251666545
Ahmedabad-Mumbai,Medium,2024-12-30,98544,38678.45,2.547775311575309
Ahmedabad-Mumbai,Medium,2025-01-06,72462,28829.53,2.5134644928307885
Ahmedabad-Mumbai,Medium,2025-01-13,103862,39871.549999999996,2.604915033401009
Ahmedabad-Mumbai,Medium,2025-01-20,134631,40916.71,3.290367187391166
Ahmedabad-Mumbai,Medium,2025-01-27,66049,26840.27,2.4608172719573984
Ahmedabad-Mumbai,Medium,2025-02-03,75778,30384.32,2.4939837389811585
Ahmedabad-Mumbai,Medium,2025-02-10,108944,44592.24,2.4431156631736823
Ahmedabad-Mumbai,Medium,2025-02-17,80830,32229.739999999998,2.5079321148727853
Ahmedabad-Mumbai,Medium,2025-02-24,51506,20569.870000000003,2.5039535981510816
Ahmedabad-Mumbai,Medium,2025-03-03,106254,41011.14,2.5908570207997146
Ahmedabad-Mumbai,Medium,2025-03-10,51224,19424.5,2.637082035573631
Ahmedabad-Mumbai,Medium,2025-03-17,90395,34000.049999999996,2.658672560775646
Ahmedabad-Mumbai,Medium,2025-03-24,57824,23735.77,2.436154377970464
Ahmedabad-Mumbai,Medium,2025-03-31,108654,41567.7,2.613904546077844
Ahmedabad-Mumbai,Medium,2025-04-07,73513,29466.54,2.4947957921086084
Ahmedabad-Mumbai,Medium,2025-04-14,82623,33791.82,2.445059188880623
Ahmedabad-Mumbai,Medium,2025-04-21,80102,30891.66,2.592997592230395
Ahmedabad-Mumbai,Medium,2025-04-28,67466,25447.13,2.6512223578847594
Ahmedabad-Mumbai,Medium,2025-05-05,69839,26930.019999999997,2.593351211770359
Ahmedabad-Mumbai,Medium,2025-05-12,115771,44437.850000000006,2.605234051602406
Ahmedabad-Mumbai,Medium,2025-05-19,70486,26762.960000000003,2.6337146563758265
Ahmedabad-Mumbai,Medium,2025-05-26,91126,34823.880000000005,2.6167675744345544
Ahmedabad-Mumbai,Medium,2025-06-02,78760,29809.369999999995,2.6421222588736364
Ahmedabad-Mumbai,Medium,2025-06-09,98252,35771.2,2.7466788925168855
Ahmedabad-Mumbai,Medium,2025-06-16,83260,29615.43,2.811372315039829
Ahmedabad-Mumbai,Medium,2025-06-23,113072,40404.31,2.798513326919826
Ahmedabad-Mumbai,Medium,2025-06-30,89645,33075.75,2.7102937953032056
Ahmedabad-Mumbai,Medium,2025-07-07,94320,35115.79,2.685971182764221
Ahmedabad-Mumbai,Medium,2025-07-14,122886,45670.12,2.69073083232538
Ahmedabad-Mumbai,Medium,2025-07-21,127207,45469.53,2.7976317327229907
Ahmedabad-Mumbai,Medium,2025-07-28,95059,35491.53,2.678357343287258
Ahmedabad-Mumbai,Medium,2025-08-04,121328,45459.229999999996,2.6689409389468324
Ahmedabad-Mumbai,Medium,2025-08-11,69190,26331.12,2.627689213371858
Ahmedabad-Mumbai,Medium,2025-08-18,68827,26365.36,2.6105086370904855
Ahmedabad-Mumbai,Medium,2025-08-25,110078,41956.63,2.623613955648964
Ahmedabad-Mumbai,Medium,2025-09-01,105051,38715.880000000005,2.713382725641261
Ahmedabad-Mumbai,Medium,2025-09-08,102520,39046.19,2.6256082859812953
Ahmedabad-Mumbai,Medium,2025-09-15,89215,31845.62,2.8014841601451
Ahmedabad-Mumbai,Medium,2025-09-22,89173,33726.68,2.6439898620320768
Ahmedabad-Mumbai,Medium,2025-09-29,107137,39622.94,2.703913440042561
Ahmedabad-Mumbai,Medium,2025-10-06,75587,27502.61,2.748357337721765
Ahmedabad-Mumbai,Medium,2025-10-13,85381,31386.440000000002,2.7203148875756535
Ahmedabad-Mumbai,Medium,2025-10-20,99900,36421.479999999996,2.742886889824357
Ahmedabad-Mumbai,Medium,2025-10-27,118250,44306.93,2.668882723312132
Ahmedabad-Mumbai,Medium,2025-11-03,94186,34362.01,2.7409921596553866
Ahmedabad-Mumbai,Medium,2025-11-10,84833,32535.82,2.607372428295952
Ahmedabad-Mumbai,Medium,2025-11-17,71091,25872.65,2.7477278129607905
Ahmedabad-Mumbai,Medium,2025-11-24,96776,37098.04,2.6086553359692317
Ahmedabad-Mumbai,Medium,2025-12-01,91192,32720.769999999997,2.7869759788660233
Ahmedabad-Mumbai,Medium,2025-12-08,115318,41227.08,2.797142072637693
Ahmedabad-Mumbai,Medium,2025-12-15,86288,31585.22,2.731910684807641
Ahmedabad-Mumbai,Medium,2025-12-22,65046,23778.98,2.735441133303447
Chennai-Bangalore,Medium,2024-01-01,58977,21933.45,2.688906669949324
Chennai-Bangalore,Medium,2024-01-08,42903,15461.82,2.774770369852967
Chennai-Bangalore,Medium,2024-01-15,50849,19077.86,2.665340871565259
Chennai-Bangalore,Medium,2024-01-22,49454,17803.78,2.7777247303662485
Chennai-Bangalore,Medium,2024-01-29,54756,20357.34,2.6897423730212298
Chennai-Bangalore,Medium,2024-02-05,72621,27015.600000000002,2.688113534402345
Chennai-Bangalore,Medium,2024-02-12,52343,18868.72,2.77406204554416
Chennai-Bangalore,Medium,2024-02-19,68906,25554.010000000002,2.696484817842679
Chennai-Bangalore,Medium,2024-02-26,68219,26001.100000000002,2.623696689755433
Chennai-Bangalore,Medium,2024-03-04,78257,29644.61,2.639839080358959
Chennai-Bangalore,Medium,2024-03-11,48428,17484.82,2.7697168172163056
Chennai-Bangalore,Medium,2024-03-18,43429,16739.64,2.5943807632661158
Chennai-Bangalore,Medium,2024-03-25,57470,21027.52,2.733085023816408
Chennai-Bangalore,Medium,2024-04-01,64764,23923.36,2.7071448157783857
Chennai-Bangalore,Medium,2024-04-08,67420,24462.620000000003,2.7560416668369943
Chennai-Bangalore,Medium,2024-04-15,48798,18200.370000000003,2.6811542842260896
Chennai-Bangalore,Medium,2024-04-22,40366,15576.380000000001,2.59148788100958
Chennai-Bangalore,Medium,2024-04-29,43477,15933.529999999999,2.728648328399294
Chennai-Bangalore,Medium,2024-05-06,55512,21661.22,2.5627365402318056
Chennai-Bangalore,Medium,2024-05-13,59466,21558.78,2.7583193483119177
Chennai-Bangalore,Medium,2024-05-20,69029,25826.19,2.672829403020732
Chennai-Bangalore,Medium,2024-05-27,39309,14422.240000000002,2.7255821564472646
Chennai-Bangalore,Medium,2024-06-03,45145,16338.66,2.7630784899128815
Chennai-Bangalore,Medium,2024-06-10,56720,21780.3,2.6041881884087914
Chennai-Bangalore,Medium,2024-06-17,50991,18176.68,2.8052977771518233
Chennai-Bangalore,Medium,2024-06-24,43198,16274.16,2.6543919931965765
Chennai-Bangalore,Medium,2024-07-01,37670,13625.060000000001,2.7647584671186767
Chennai-Bangalore,Medium,2024-07-08,45832,17121.14,2.6769245505848325
Chennai-Bangalore,Medium,2024-07-15,30796,11089.859999999999,2.776951196859113
Chennai-Bangalore,Medium,2024-07-22,66262,24956.1,2.6551424301072686
Chennai-Bangalore,Medium,2024-07-29,65629,23658.24,2.774044053995563
Chennai-Bangalore,Medium,2024-08-05,79700,30443.03,2.618004843801685
Chennai-Bangalore,Medium,2024-08-12,44144,15802.029999999999,2.793565130556011
Chennai-Bangalore,Medium,2024-08-19,40105,14517.64,2.762501343193522
Chennai-Bangalore,Medium,2024-08-26,38429,14386.23,2.6712349239515842
Chennai-Bangalore,Medium,2024-09-02,54195,21186.73,2.5579690683744025
Chennai-Bangalore,Medium,2024-09-09,81971,30248.77,2.7098953114457216
Chennai-Bangalore,Medium,2024-09-16,36492,13713.73,2.6609828252415646
Chennai-Bangalore,Medium,2024-09-23,56016,21293.23,2.630695296110548
Chennai-Bangalore,Medium,2024-09-30,45226,17171.54,2.6337765861419533
Chennai-Bangalore,Medium,2024-10-07,62753,23149.940000000002,2.7107197686041515
Chennai-Bangalore,Medium,2024-10-14,46319,17623.94,2.6281864327726945
Chennai-Bangalore,Medium,2024-10-21,53173,19535.98,2.7217984457396045
Chennai-Bangalore,Medium,2024-10-28,39988,15381.08,2.599817438047263
Chennai-Bangalore,Medium,2024-11-04,60025,21990.16,2.729629979954671
Chennai-Bangalore,Medium,2024-11-11,74960,27267.190000000002,2.749091490542296
Chennai-Bangalore,Medium,2024-11-18,52505,18962.23,2.7689253848307924
Chennai-Bangalore,Medium,2024-11-25,44738,16219.86,2.758223560499289
Chennai-Bangalore,Medium,2024-12-02,53827,19696.43,2.7328302641646225
Chennai-Bangalore,Medium,2024-12-09,58563,22098.4,2.6501013648046916
Chennai-Bangalore,Medium,2024-12-16,79077,29409.15,2.688857039390802
Chennai-Bangalore,Medium,2024-12-23,52020,18895.26,2.753071405209561
Chennai-Bangalore,Medium,2024-12-30,45489,16625.67,2.7360701854421507
Chennai-Bangalore,Medium,2025-01-06,79564,29255.829999999998,2.719594692750129
Chennai-Bangalore,Medium,2025-01-13,39192,15275.41,2.565692181093666
Chennai-Bangalore,Medium,2025-01-20,82819,29604.02,2.797559250399101
Chennai-Bangalore,Medium,2025-01-27,57884,21139.6,2.7381785842683874
Chennai-Bangalore,Medium,2025-02-03,51933,19354.77,2.6832145254115654
Chennai-Bangalore,Medium,2025-02-10,57747,21235.23,2.7193960225530875
Chennai-Bangalore,Medium,2025-02-17,59877,21061.879999999997,2.8429086102475187
Chennai-Bangalore,Medium,2025-02-24,120133,33530.229999999996,3.5828266015473207
Chennai-Bangalore,Medium,2025-03-03,100027,28774.9,3.476189317773476
Chennai-Bangalore,Medium,2025-03-10,115248,32267.29,3.5716665390864866
Chennai-Bangalore,Medium,2025-03-17,102753,29618.33,3.469236786814111
Chennai-Bangalore,Medium,2025-03-24,34672,12797.580000000002,2.7092622198884473
Chennai-Bangalore,Medium,2025-03-31,65306,23455.32,2.7842723953457043
Chennai-Bangalore,Medium,2025-04-07,64225,23442.019999999997,2.739738299003243
Chennai-Bangalore,Medium,2025-04-14,67169,24871.5,2.700641296262791
Chennai-Bangalore,Medium,2025-04-21,57780,22308.239999999998,2.5900743402437847
Chennai-Bangalore,Medium,2025-04-28,69235,25704.11,2.693538115110774
Chennai-Bangalore,Medium,2025-05-05,71918,24367.74,2.9513611028351416
Chennai-Bangalore,Medium,2025-05-12,69435,23485.989999999998,2.9564433945513904
Chennai-Bangalore,Medium,2025-05-19,61133,21677.559999999998,2.8201052147935473
Chennai-Bangalore,Medium,2025-05-26,65441,23512.78,2.78320981185551
Chennai-Bangalore,Medium,2025-06-02,74850,25652.03,2.9178977258330043
Chennai-Bangalore,Medium,2025-06-09,54905,19283.18,2.847300082247845
Chennai-Bangalore,Medium,2025-06-16,81700,27767.19,2.942321495261134
Chennai-Bangalore,Medium,2025-06-23,48893,17442.3,2.803128027840365
Chennai-Bangalore,Medium,2025-06-30,51310,18636.0,2.7532732345996993
Chennai-Bangalore,Medium,2025-07-07,60099,20614.239999999998,2.915411870629235
Chennai-Bangalore,Medium,2025-07-14,45325,16180.100000000002,2.801280585410473
Chennai-Bangalore,Medium,2025-07-21,81404,27690.25,2.939807332905987
Chennai-Bangalore,Medium,2025-07-28,54663,19732.06,2.77026321630889
Chennai-Bangalore,Medium,2025-08-04,76216,26066.21,2.9239386930435995
Chennai-Bangalore,Medium,2025-08-11,54929,19364.07,2.8366453953120394
Chennai-Bangalore,Medium,2025-08-18,83046,29058.05,2.857934376188354
Chennai-Bangalore,Medium,2025-08-25,75931,26644.739999999998,2.849755711633891
Chennai-Bangalore,Medium,2025-09-01,51208,17682.54,2.8959640413650978
Chennai-Bangalore,Medium,2025-09-08,45559,16443.45,2.7706472790077505
Chennai-Bangalore,Medium,2025-09-15,57872,19456.98,2.974356760401666
Chennai-Bangalore,Medium,2025-09-22,36984,12677.06,2.91739567376032
Chennai-Bangalore,Medium,2025-09-29,58342,20117.28,2.9000938496655615
Chennai-Bangalore,Medium,2025-10-06,82878,29874.91,2.774167353140143
Chennai-Bangalore,Medium,2025-10-13,64001,22296.71,2.870423484002797
Chennai-Bangalore,Medium,2025-10-20,46519,16285.64,2.85644285394986
Chennai-Bangalore,Medium,2025-10-27,50689,18034.39,2.810685584596984
Chennai-Bangalore,Medium,2025-11-03,64477,22472.21,2.8691882106833284
Chennai-Bangalore,Medium,2025-11-10,78419,27027.83,2.9014167989069044
Chennai-Bangalore,Medium,2025-11-17,60435,21496.5,2.811387900355872
Chennai-Bangalore,Medium,2025-11-24,51925,17939.989999999998,2.894371735993164
Chennai-Bangalore,Medium,2025-12-01,65788,22836.71,2.8808002553782925
Chennai-Bangalore,Medium,2025-12-08,32225,11156.45,2.888463624181527
Chennai-Bangalore,Medium,2025-12-15,46310,15755.3,2.9393283529986736
Chennai-Bangalore,Medium,2025-12-22,67337,23847.41,2.8236609342482057
Delhi-Chennai,Long,2024-01-01,134916,68964.94,1.956298374217392
Delhi-Chennai,Long,2024-01-08,285908,136285.82,2.0978558150803948
Delhi-Chennai,Long,2024-01-15,275120,128158.55,2.1467159233621165
Delhi-Chennai,Long,2024-01-22,314261,155006.09999999998,2.027410534166075
Delhi-Chennai,Long,2024-01-29,303502,151670.82,2.001057289727846
Delhi-Chennai,Long,2024-02-05,280713,126404.08000000002,2.2207590134748814
Delhi-Chennai,Long,2024-02-12,188995,92440.46,2.0445051874471414
Delhi-Chennai,Long,2024-02-19,220217,103181.73999999999,2.1342632911598507
Delhi-Chennai,Long,2024-02-26,328959,156167.56,2.1064489961935755
Delhi-Chennai,Long,2024-03-04,365685,178170.03999999998,2.0524494466072976
Delhi-Chennai,Long,2024-03-11,299031,148010.98,2.0203298430967753
Delhi-Chennai,Long,2024-03-18,307002,138731.0,2.2129300588909473
Delhi-Chennai,Long,2024-03-25,236863,115481.05,2.0510984269713517
Delhi-Chennai,Long,2024-04-01,378776,185677.96,2.039962093508567
Delhi-Chennai,Long,2024-04-08,345993,159068.3,2.175122258803294
Delhi-Chennai,Long,2024-04-15,366192,167242.24,2.189590380994658
Delhi-Chennai,Long,2024-04-22,395713,193925.94,2.040536712107725
Delhi-Chennai,Long,2024-04-29,332927,163095.0,2.041307213587173
Delhi-Chennai,Long,2024-05-06,155730,76399.79,2.038356388152376
Delhi-Chennai,Long,2024-05-13,284855,132685.32,2.146846388130955
Delhi-Chennai,Long,2024-05-20,337228,153810.76,2.192486403421971
Delhi-Chennai,Long,2024-05-27,376445,180036.97,2.090931656981341
Delhi-Chennai,Long,2024-06-03,315816,145168.93,2.175506838825636
Delhi-Chennai,Long,2024-06-10,206303,94437.6,2.1845430210001098
Delhi-Chennai,Long,2024-06-17,380586,173795.69,2.1898471705483606
Delhi-Chennai,Long,2024-06-24,195902,93973.40000000001,2.08465374244201
Delhi-Chennai,Long,2024-07-01,312824,147693.13999999998,2.118067230475295
Delhi-Chennai,Long,2024-07-08,288650,135645.14,2.1279789309075134
Delhi-Chennai,Long,2024-07-15,181537,84805.84,2.140619089440067
Delhi-Chennai,Long,2024-07-22,287614,147788.88,1.9461139430788026
Delhi-Chennai,Long,2024-07-29,265177,132932.73,1.9948209895335782
Delhi-Chennai,Long,2024-08-05,233920,117091.19,1.997759182394508
Delhi-Chennai,Long,2024-08-12,201436,95988.45,2.098544147759444
Delhi-Chennai,Long,2024-08-19,395576,191008.67,2.070984526513901
Delhi-Chennai,Long,2024-08-26,244690,115276.29000000001,2.1226394430285707
Delhi-Chennai,Long,2024-09-02,290503,137664.2,2.110229093693204
Delhi-Chennai,Long,2024-09-09,393132,185527.61,2.118994579836392
Delhi-Chennai,Long,2024-09-16,269037,125313.89,2.1469048642572663
Delhi-Chennai,Long,2024-09-23,264307,124877.9,2.116523420076731
Delhi-Chennai,Long,2024-09-30,181707,87942.18,2.066209866528212
Delhi-Chennai,Long,2024-10-07,240803,120864.68000000001,1.9923355607279147
Delhi-Chennai,Long,2024-10-14,380536,173746.71000000002,2.1901767233463008
Delhi-Chennai,Long,2024-10-21,248827,114133.72,2.1801357215028125
Delhi-Chennai,Long,2024-10-28,299876,146739.68,2.0435917537778465
Delhi-Chennai,Long,2024-11-04,310423,145262.07,2.1369859317026116
Delhi-Chennai,Long,2024-11-11,225138,110254.33000000002,2.0419878294122324
Delhi-Chennai,Long,2024-11-18,292751,147106.41,1.990062839545877
Delhi-Chennai,Long,2024-11-25,292948,147306.96000000002,1.988690826285465
Delhi-Chennai,Long,2024-12-02,261839,133042.39,1.968087013469917
Delhi-Chennai,Long,2024-12-09,365928,168693.28999999998,2.169191199009753
Delhi-Chennai,Long,2024-12-16,151111,74215.56,2.036109408862508
Delhi-Chennai,Long,2024-12-23,239833,114783.28,2.0894419465971
Delhi-Chennai,Long,2024-12-30,197924,91177.24,2.170761036416544
Delhi-Chennai,Long,2025-01-06,173114,85746.04,2.0189153924776004
Delhi-Chennai,Long,2025-01-13,196332,98298.23,1.9973096158496446
Delhi-Chennai,Long,2025-01-20,226790,115566.66,1.962417188486714
Delhi-Chennai,Long,2025-01-27,344386,157878.79,2.181331640557924
Delhi-Chennai,Long,2025-02-03,343244,154991.75,2.2145952929752712
Delhi-Chennai,Long,2025-02-10,278208,136497.9,2.0381852028492746
Delhi-Chennai,Long,2025-02-17,357413,161048.50999999998,2.2192878406636614
Delhi-Chennai,Long,2025-02-24,167650,80733.79000000001,2.0765778492499853
Delhi-Chennai,Long,2025-03-03,361236,167863.94,2.1519571147918963
Delhi-Chennai,Long,2025-03-10,339952,160446.95,2.1187813168153085
Delhi-Chennai,Long,2025-03-17,359910,172909.0,2.0814995170870225
Delhi-Chennai,Long,2025-03-24,363909,183170.59999999998,1.9867216682153144
Delhi-Chennai,Long,2025-03-31,233524,114040.22,2.047733685536559
Delhi-Chennai,Long,2025-04-07,268478,121555.87,2.2086798440914452
Delhi-Chennai,Long,2025-04-14,270747,136493.01,1.983596083052165
Delhi-Chennai,Long,2025-04-21,312046,151247.37,2.0631499245243075
Delhi-Chennai,Long,2025-04-28,287385,138983.8,2.0677589762260062
Delhi-Chennai,Long,2025-05-05,275140,125137.76999999999,2.198696684462253
Delhi-Chennai,Long,2025-05-12,257748,120695.86,2.1355164957605006
Delhi-Chennai,Long,2025-05-19,209646,99385.89000000001,2.109414123071192
Delhi-Chennai,Long,2025-05-26,336879,159555.2,2.1113633400854375
Delhi-Chennai,Long,2025-06-02,282835,137097.28,2.0630241533603
Delhi-Chennai,Long,2025-06-09,272871,124094.10999999999,2.1989037191209158
Delhi-Chennai,Long,2025-06-16,280644,136349.13999999998,2.0582748083339584
Delhi-Chennai,Long,2025-06-23,335839,164202.09,2.0452784736174796
Delhi-Chennai,Long,2025-06-30,257627,119623.71999999999,2.153644778811427
Delhi-Chennai,Long,2025-07-07,248042,125362.08,1.97860469449773
Delhi-Chennai,Long,2025-07-14,389253,179359.28999999998,2.1702416417906205
Delhi-Chennai,Long,2025-07-21,167776,82271.76999999999,2.0392900262143385
Delhi-Chennai,Long,2025-07-28,345705,167597.52,2.062709519806737
Delhi-Chennai,Long,2025-08-04,353040,162114.24,2.1777235608667076
Delhi-Chennai,Long,2025-08-11,298330,150098.37,1.9875632227052167
Delhi-Chennai,Long,2025-08-18,363312,180824.25,2.0091995404377454
Delhi-Chennai,Long,2025-08-25,207066,102689.62,2.016425808178081
Delhi-Chennai,Long,2025-09-01,233971,109857.22999999998,2.1297733430926673
Delhi-Chennai,Long,2025-09-08,395213,184041.65999999997,2.1474105373750705
Delhi-Chennai,Long,2025-09-15,187163,91050.98,2.0555846845360697
Delhi-Chennai,Long,2025-09-22,319960,161463.94,1.9816189298985272
Delhi-Chennai,Long,2025-09-29,401679,192680.76,2.084686608045349
Delhi-Chennai,Long,2025-10-06,260010,123358.01000000001,2.107767464796165
Delhi-Chennai,Long,2025-10-13,198214,96519.98999999999,2.0536056831336182
Delhi-Chennai,Long,2025-10-20,295256,142686.87,2.069258369743481
Delhi-Chennai,Long,2025-10-27,320946,147137.88,2.1812601894223294
Delhi-Chennai,Long,2025-11-03,349609,171828.61,2.0346378871364905
Delhi-Chennai,Long,2025-11-10,215222,97942.03,2.1974427117755266
Delhi-Chennai,Long,2025-11-17,274519,137223.38,2.0005264409024175
Delhi-Chennai,Long,2025-11-24,185792,91553.88,2.029318691900332
Delhi-Chennai,Long,2025-12-01,346195,167106.46,2.0717032722732562
Delhi-Chennai,Long,2025-12-08,274433,138401.24,1.9828796331593561
Delhi-Chennai,Long,2025-12-15,169291,86039.98999999999,1.9675850729410826
Delhi-Chennai,Long,2025-12-22,285284,143320.77000000002,1.9905279604623947
Delhi-Jaipur,Short,2024-01-01,61886,20627.81,3.000124589086287
Delhi-Jaipur,Short,2024-01-08,56169,18396.53,3.053238844499479
Delhi-Jaipur,Short,2024-01-15,77069,25534.04,3.018284611444174
Delhi-Jaipur,Short,2024-01-22,61427,20540.57,2.9905207109637173
Delhi-Jaipur,Short,2024-01-29,65029,20365.83,3.193044427848018
Delhi-Jaipur,Short,2024-02-05,45216,14974.350000000002,3.019563453505494
Delhi-Jaipur,Short,2024-02-12,44149,14176.66,3.114203204421916
Delhi-Jaipur,Short,2024-02-19,46469,15519.43,2.9942465670453102
Delhi-Jaipur,Short,2024-02-26,42988,13885.36,3.095922612017261
Delhi-Jaipur,Short,2024-03-04,71237,23738.65,3.000886739557641
Delhi-Jaipur,Short,2024-03-11,42074,13516.009999999998,3.112900922683544
Delhi-Jaipur,Short,2024-03-18,41957,13624.689999999999,3.079482909335919
Delhi-Jaipur,Short,2024-03-25,66568,20969.489999999998,3.17451688143107
Delhi-Jaipur,Short,2024-04-01,36029,12051.29,2.989638453642722
Delhi-Jaipur,Short,2024-04-08,60612,19392.15,3.1255946349424892
Delhi-Jaipur,Short,2024-04-15,40207,12558.9,3.2014746514424033
Delhi-Jaipur,Short,2024-04-22,58963,19279.07,3.0583944142533848
Delhi-Jaipur,Short,2024-04-29,57004,18542.32,3.0742647090547464
Delhi-Jaipur,Short,2024-05-06,41553,13423.93,3.095442243813846
Delhi-Jaipur,Short,2024-05-13,40231,13144.820000000002,3.060597254279632
Delhi-Jaipur,Short,2024-05-20,49182,16102.36,3.0543348925250706
Delhi-Jaipur,Short,2024-05-27,41585,13387.359999999999,3.1062883197284608
Delhi-Jaipur,Short,2024-06-03,74584,23744.620000000003,3.1410904870240075
Delhi-Jaipur,Short,2024-06-10,38973,12859.28,3.0307295587311263
Delhi-Jaipur,Short,2024-06-17,66166,20843.04,3.174488942112091
Delhi-Jaipur,Short,2024-06-24,56363,18188.809999999998,3.098773366701835
Delhi-Jaipur,Short,2024-07-01,43353,13581.94,3.1919593224531986
Delhi-Jaipur,Short,2024-07-08,70675,22675.23,3.1168371831289035
Delhi-Jaipur,Short,2024-07-15,58047,18798.67,3.0878248301608573
Delhi-Jaipur,Short,2024-07-22,77512,24787.36,3.12707767184565
Delhi-Jaipur,Short,2024-07-29,58574,18614.78,3.146639390849637
Delhi-Jaipur,Short,2024-08-05,54269,17752.97,3.0568969586497357
Delhi-Jaipur,Short,2024-08-12,40815,13593.42,3.0025556482474607
Delhi-Jaipur,Short,2024-08-19,65726,21371.63,3.0753854525836353
Delhi-Jaipur,Short,2024-08-26,32890,10588.85,3.1060974515646174
Delhi-Jaipur,Short,2024-09-02,66422,21555.86,3.0813894690353343
Delhi-Jaipur,Short,2024-09-09,38044,12003.660000000002,3.169366676497001
Delhi-Jaipur,Short,2024-09-16,57204,18077.76,3.1643300939939465
Delhi-Jaipur,Short,2024-09-23,43598,13832.820000000002,3.1517796082071476
Delhi-Jaipur,Short,2024-09-30,46663,15473.21,3.0157284752161964
Delhi-Jaipur,Short,2024-10-07,38206,12370.689999999999,3.088429182204065
Delhi-Jaipur,Short,2024-10-14,36357,11748.66,3.0945656781283994
Delhi-Jaipur,Short,2024-10-21,65341,21230.66,3.0776716314989736
Delhi-Jaipur,Short,2024-10-28,52390,17266.420000000002,3.0342132300731706
Delhi-Jaipur,Short,2024-11-04,62819,20890.82,3.0070145642918757
Delhi-Jaipur,Short,2024-11-11,84388,20222.59,4.1729570742422215
Delhi-Jaipur,Short,2024-11-18,36658,8961.6,4.09056418496697
Delhi-Jaipur,Short,2024-11-25,46000,15044.25,3.057646609169616
Delhi-Jaipur,Short,2024-12-02,54006,17735.57,3.045067060150872
Delhi-Jaipur,Short,2024-12-09,79110,24556.989999999998,3.2214860208844818
Delhi-Jaipur,Short,2024-12-16,79152,25725.85,3.0767496506432246
Delhi-Jaipur,Short,2024-12-23,47638,15304.54,3.112671142027137
Delhi-Jaipur,Short,2024-12-30,52127,16196.9,3.2183319030184787
Delhi-Jaipur,Short,2025-01-06,71329,22504.7,3.1695157011646455
Delhi-Jaipur,Short,2025-01-13,56039,18399.45,3.04568886569979
Delhi-Jaipur,Short,2025-01-20,55494,18119.65,3.062641938448038
Delhi-Jaipur,Short,2025-01-27,44743,14231.52,3.1439368387916398
Delhi-Jaipur,Short,2025-02-03,45718,15162.14,3.0152735695620803
Delhi-Jaipur,Short,2025-02-10,44004,14720.18,2.989365619170418
Delhi-Jaipur,Short,2025-02-17,57719,18637.89,3.0968634325022846
Delhi-Jaipur,Short,2025-02-24,54432,17657.45,3.0826648241960193
Delhi-Jaipur,Short,2025-03-03,47867,14871.920000000002,3.2186160226789813
Delhi-Jaipur,Short,2025-03-10,49600,15582.89,3.1829782537128866
Delhi-Jaipur,Short,2025-03-17,52228,16965.32,3.0785154656676093
Delhi-Jaipur,Short,2025-03-24,38731,12337.68,3.139244979607187
Delhi-Jaipur,Short,2025-03-31,68375,22376.88,3.055609182334624
Delhi-Jaipur,Short,2025-04-07,63722,19987.05,3.1881643364078243
Delhi-Jaipur,Short,2025-04-14,52680,17587.5,2.9953091684434967
Delhi-Jaipur,Short,2025-04-21,43707,14226.640000000001,3.072194137196133
Delhi-Jaipur,Short,2025-04-28,38818,12795.27,3.0337773255273235
Delhi-Jaipur,Short,2025-05-05,41361,12443.94,3.323786517774917
Delhi-Jaipur,Short,2025-05-12,31412,9862.83,3.1848870962999465
Delhi-Jaipur,Short,2025-05-19,71144,21405.82,3.3235820912256573
Delhi-Jaipur,Short,2025-05-26,57402,17501.15,3.279898749510746
Delhi-Jaipur,Short,2025-06-02,51376,16345.119999999999,3.143201151169279
Delhi-Jaipur,Short,2025-06-09,46732,14261.44,3.276807952072161
Delhi-Jaipur,Short,2025-06-16,80417,24423.699999999997,3.2925805672359227
Delhi-Jaipur,Short,2025-06-23,45069,14442.09,3.1206702077053943
Delhi-Jaipur,Short,2025-06-30,65746,19710.359999999997,3.3356062497082757
Delhi-Jaipur,Short,2025-07-07,70596,21864.48,3.228798489605058
Delhi-Jaipur,Short,2025-07-14,70472,20773.49,3.392400602883771
Delhi-Jaipur,Short,2025-07-21,69601,21710.65,3.2058459788168476
Delhi-Jaipur,Short,2025-07-28,46539,13949.04,3.3363586311316045
Delhi-Jaipur,Short,2025-08-04,43595,13066.009999999998,3.336519717955214
Delhi-Jaipur,Short,2025-08-11,58346,17304.440000000002,3.3717358088444347
Delhi-Jaipur,Short,2025-08-18,60766,18537.58,3.2779898994367116
Delhi-Jaipur,Short,2025-08-25,66759,20665.78,3.230412788677708
Delhi-Jaipur,Short,2025-09-01,43937,12729.18,3.4516755988995365
Delhi-Jaipur,Short,2025-09-08,76150,23437.72,3.2490361690471596
Delhi-Jaipur,Short,2025-09-15,41073,12755.34,3.220063126502312
Delhi-Jaipur,Short,2025-09-22,73158,22767.519999999997,3.213261699122259
Delhi-Jaipur,Short,2025-09-29,73783,21475.16,3.4357369165119143
Delhi-Jaipur,Short,2025-10-06,70592,22007.36,3.2076541666060807
Delhi-Jaipur,Short,2025-10-13,47569,14397.190000000002,3.3040475259408253
Delhi-Jaipur,Short,2025-10-20,54177,16514.18,3.2806351874570825
Delhi-Jaipur,Short,2025-10-27,43058,13558.18,3.1757949813323028
Delhi-Jaipur,Short,2025-11-03,71281,21060.510000000002,3.3845809052107474
Delhi-Jaipur,Short,2025-11-10,72379,22148.92,3.2678342781499055
Delhi-Jaipur,Short,2025-11-17,54268,16524.63,3.2840674798770078
Delhi-Jaipur,Short,2025-11-24,61885,18320.27,3.3779523991731564
Delhi-Jaipur,Short,2025-12-01,31075,9719.25,3.197263163309926
Delhi-Jaipur,Short,2025-12-08,43378,13585.56,3.1929489840683787
Delhi-Jaipur,Short,2025-12-15,77076,23800.870000000003,3.2383690176031377
Delhi-Jaipur,Short,2025-12-22,57107,17686.07,3.2289253632943895
Kolkata-Bhubaneswar,Medium,2024-01-01,83325,33230.1,2.507515776359385
Kolkata-Bhubaneswar,Medium,2024-01-08,82441,31379.37,2.6272356647058244
Kolkata-Bhubaneswar,Medium,2024-01-15,63906,25489.239999999998,2.507175576831636
Kolkata-Bhubaneswar,Medium,2024-01-22,88184,34251.5,2.5746025721501247
Kolkata-Bhubaneswar,Medium,2024-01-29,45729,17421.96,2.6247907812898204
Kolkata-Bhubaneswar,Medium,2024-02-05,50031,18779.239999999998,2.664165322984317
Kolkata-Bhubaneswar,Medium,2024-02-12,85987,31825.23,2.701850073039535
Kolkata-Bhubaneswar,Medium,2024-02-19,59765,22198.9,2.692250516917505
Kolkata-Bhubaneswar,Medium,2024-02-26,47771,18034.9,2.6488086986897623
Kolkata-Bhubaneswar,Medium,2024-03-04,56204,22396.21,2.5095317466660654
Kolkata-Bhubaneswar,Medium,2024-03-11,86030,32225.690000000002,2.6696092465359156
Kolkata-Bhubaneswar,Medium,2024-03-18,47040,17490.829999999998,2.6894092504472344
Kolkata-Bhubaneswar,Medium,2024-03-25,104210,38980.75,2.673370830474016
Kolkata-Bhubaneswar,Medium,2024-04-01,94998,37732.69,2.517657765719857
Kolkata-Bhubaneswar,Medium,2024-04-08,86889,34086.05,2.549107332765163
Kolkata-Bhubaneswar,Medium,2024-04-15,82745,31612.28,2.617495479604761
Kolkata-Bhubaneswar,Medium,2024-04-22,63909,25186.14,2.5374670354409212
Kolkata-Bhubaneswar,Medium,2024-04-29,60820,23952.33,2.5392101728725347
Kolkata-Bhubaneswar,Medium,2024-05-06,58223,21910.2,2.6573468065102097
Kolkata-Bhubaneswar,Medium,2024-05-13,70756,27744.21,2.550297881972491
Kolkata-Bhubaneswar,Medium,2024-05-20,85527,31344.12,2.7286457555675514
Kolkata-Bhubaneswar,Medium,2024-05-27,51560,19848.87,2.597628983413162
Kolkata-Bhubaneswar,Medium,2024-06-03,97336,37493.31999999999,2.596089116674651
Kolkata-Bhubaneswar,Medium,2024-06-10,76854,31002.019999999997,2.478999755499803
Kolkata-Bhubaneswar,Medium,2024-06-17,69532,26933.99,2.581570721604931
Kolkata-Bhubaneswar,Medium,2024-06-24,72577,26870.010000000002,2.7010410491101418
Kolkata-Bhubaneswar,Medium,2024-07-01,68986,27222.64,2.534140700534555
Kolkata-Bhubaneswar,Medium,2024-07-08,93341,35522.990000000005,2.627622280669504
Kolkata-Bhubaneswar,Medium,2024-07-15,55329,20626.97,2.682361975607663
Kolkata-Bhubaneswar,Medium,2024-07-22,76594,28887.2,2.6514857791686284
Kolkata-Bhubaneswar,Medium,2024-07-29,59227,22910.08,2.5851939408330304
Kolkata-Bhubaneswar,Medium,2024-08-05,84271,31404.06,2.683442841466995
Kolkata-Bhubaneswar,Medium,2024-08-12,64818,25327.59,2.5591854574398907
Kolkata-Bhubaneswar,Medium,2024-08-19,93170,35400.67,2.6318710917053267
Kolkata-Bhubaneswar,Medium,2024-08-26,80823,32103.260000000002,2.517594786323881
Kolkata-Bhubaneswar,Medium,2024-09-02,92183,36192.13,2.547045448831003
Kolkata-Bhubaneswar,Medium,2024-09-09,87602,33983.57,2.57777508366543
Kolkata-Bhubaneswar,Medium,2024-09-16,75317,27954.26,2.694294179134057
Kolkata-Bhubaneswar,Medium,2024-09-23,91003,33480.4,2.718097752715021
Kolkata-Bhubaneswar,Medium,2024-09-30,47311,17519.72,2.700442701139059
Kolkata-Bhubaneswar,Medium,2024-10-07,96696,35805.24,2.700610301732372
Kolkata-Bhubaneswar,Medium,2024-10-14,91384,34861.26,2.6213625095593214
Kolkata-Bhubaneswar,Medium,2024-10-21,63216,23647.63,2.673248862571006
Kolkata-Bhubaneswar,Medium,2024-10-28,63004,24928.21,2.5274177327613976
Kolkata-Bhubaneswar,Medium,2024-11-04,69520,27139.9,2.561542231179923
Kolkata-Bhubaneswar,Medium,2024-11-11,70773,27155.69,2.6061941346362403
Kolkata-Bhubaneswar,Medium,2024-11-18,45831,17996.72,2.5466307193755306
Kolkata-Bhubaneswar,Medium,2024-11-25,57386,21528.09,2.6656335977785304
Kolkata-Bhubaneswar,Medium,2024-12-02,80524,31413.51,2.563355702689703
Kolkata-Bhubaneswar,Medium,2024-12-09,81148,32369.010000000002,2.5069657675659527
Kolkata-Bhubaneswar,Medium,2024-12-16,65813,25453.02,2.5856656695354814
Kolkata-Bhubaneswar,Medium,2024-12-23,96967,35929.549999999996,2.6988091974433304
Kolkata-Bhubaneswar,Medium,2024-12-30,47512,18088.730000000003,2.6266078381401012
Kolkata-Bhubaneswar,Medium,2025-01-06,65122,25921.84,2.5122445011619545
Kolkata-Bhubaneswar,Medium,2025-01-13,101777,38334.5,2.654971370436552
Kolkata-Bhubaneswar,Medium,2025-01-20,58268,22630.6,2.574743930783983
Kolkata-Bhubaneswar,Medium,2025-01-27,83406,32426.0,2.572195152038488
Kolkata-Bhubaneswar,Medium,2025-02-03,90566,35618.38,2.5426760004245
Kolkata-Bhubaneswar,Medium,2025-02-10,103305,39205.38,2.634969996464771
Kolkata-Bhubaneswar,Medium,2025-02-17,73837,27908.54,2.645677631291354
Kolkata-Bhubaneswar,Medium,2025-02-24,83115,31204.79,2.6635333870216718
Kolkata-Bhubaneswar,Medium,2025-03-03,63612,23761.98,2.677049639802744
Kolkata-Bhubaneswar,Medium,2025-03-10,98032,36304.770000000004,2.7002512342042104
Kolkata-Bhubaneswar,Medium,2025-03-17,58084,22871.5,2.539579826421529
Kolkata-Bhubaneswar,Medium,2025-03-24,108459,41610.16,2.606550900068637
Kolkata-Bhubaneswar,Medium,2025-03-31,82265,31091.78,2.645876176918787
Kolkata-Bhubaneswar,Medium,2025-04-07,56800,22001.67,2.5816222132229054
Kolkata-Bhubaneswar,Medium,2025-04-14,74680,29040.28,2.5716005493059986
Kolkata-Bhubaneswar,Medium,2025-04-21,74681,28766.35,2.5961235957985633
Kolkata-Bhubaneswar,Medium,2025-04-28,88668,34387.89,2.578465849460377
Kolkata-Bhubaneswar,Medium,2025-05-05,57125,20892.02,2.7342975930522755
Kolkata-Bhubaneswar,Medium,2025-05-12,68972,26253.25,2.6271794920628873
Kolkata-Bhubaneswar,Medium,2025-05-19,50729,18343.739999999998,2.7654665842407278
Kolkata-Bhubaneswar,Medium,2025-05-26,56038,19757.97,2.8362225471543887
Kolkata-Bhubaneswar,Medium,2025-06-02,101421,37527.93,2.702547142887977
Kolkata-Bhubaneswar,Medium,2025-06-09,78482,29301.18,2.6784586832339174
Kolkata-Bhubaneswar,Medium,2025-06-16,75436,28193.54,2.6756483932134807
Kolkata-Bhubaneswar,Medium,2025-06-23,54607,20006.18,2.729506582466018
Kolkata-Bhubaneswar,Medium,2025-06-30,86557,31369.15,2.759303328269972
Kolkata-Bhubaneswar,Medium,2025-07-07,75585,26501.82,2.852068273046908
Kolkata-Bhubaneswar,Medium,2025-07-14,78982,29022.17,2.7214367499053314
Kolkata-Bhubaneswar,Medium,2025-07-21,113227,41514.119999999995,2.7274334611934448
Kolkata-Bhubaneswar,Medium,2025-07-28,92694,34101.05,2.7182154215192784
Kolkata-Bhubaneswar,Medium,2025-08-04,88226,32945.96,2.677900416318116
Kolkata-Bhubaneswar,Medium,2025-08-11,74266,26919.73,2.7587943861249724
Kolkata-Bhubaneswar,Medium,2025-08-18,95222,33447.91,2.846874438492569
Kolkata-Bhubaneswar,Medium,2025-08-25,103514,36544.32,2.8325605730247547
Kolkata-Bhubaneswar,Medium,2025-09-01,77294,29215.67,2.645635030789984
Kolkata-Bhubaneswar,Medium,2025-09-08,59793,21716.42,2.753354374247689
Kolkata-Bhubaneswar,Medium,2025-09-15,95578,34238.29,2.7915529659921683
Kolkata-Bhubaneswar,Medium,2025-09-22,95847,35792.83,2.677826816152844
Kolkata-Bhubaneswar,Medium,2025-09-29,89733,31624.85,2.8374205727457995
Kolkata-Bhubaneswar,Medium,2025-10-06,80925,28109.82,2.878887164699027
Kolkata-Bhubaneswar,Medium,2025-10-13,95333,35560.71000000001,2.6808519852387644
Kolkata-Bhubaneswar,Medium,2025-10-20,97216,36191.82,2.6861318386309394
Kolkata-Bhubaneswar,Medium,2025-10-27,94207,34285.68,2.747706914373581
Kolkata-Bhubaneswar,Medium,2025-11-03,105184,37270.74,2.8221602254207996
Kolkata-Bhubaneswar,Medium,2025-11-10,77427,28348.730000000003,2.7312334626630537
Kolkata-Bhubaneswar,Medium,2025-11-17,61910,22499.51,2.751615479626001
Kolkata-Bhubaneswar,Medium,2025-11-24,64921,23835.64,2.72369443404918
Kolkata-Bhubaneswar,Medium,2025-12-01,77689,28616.57,2.7148257111177196
Kolkata-Bhubaneswar,Medium,2025-12-08,61479,21806.57,2.8192879485402793
Kolkata-Bhubaneswar,Medium,2025-12-15,49063,17990.71,2.72712972417431
Kolkata-Bhubaneswar,Medium,2025-12-22,92134,32472.12,2.8373262971435187
Mumbai-Delhi,Long,2024-01-01,167434,81580.32,2.052382241207193
Mumbai-Delhi,Long,2024-01-08,220168,104698.49,2.1028765553352295
Mumbai-Delhi,Long,2024-01-15,177076,86367.3,2.0502667097385237
Mumbai-Delhi,Long,2024-01-22,175807,85005.87,2.068174821338809
Mumbai-Delhi,Long,2024-01-29,163457,81678.91,2.0012142669386748
Mumbai-Delhi,Long,2024-02-05,154533,75031.95,2.0595626263211875
Mumbai-Delhi,Long,2024-02-12,169112,80937.91,2.08940408765188
Mumbai-Delhi,Long,2024-02-19,147821,74501.25,1.9841412056844683
Mumbai-Delhi,Long,2024-02-26,108426,54963.58,1.9726880963721796
Mumbai-Delhi,Long,2024-03-04,167567,84631.7,1.9799555013074297
Mumbai-Delhi,Long,2024-03-11,242107,119735.38,2.02201721830256
Mumbai-Delhi,Long,2024-03-18,180279,87430.87,2.061960495188942
Mumbai-Delhi,Long,2024-03-25,174542,85257.89,2.0472240164517324
Mumbai-Delhi,Long,2024-04-01,118167,59133.17,1.9983200630035562
Mumbai-Delhi,Long,2024-04-08,187559,95311.39000000001,1.967855048593877
Mumbai-Delhi,Long,2024-04-15,254303,122662.52999999998,2.0731921965085838
Mumbai-Delhi,Long,2024-04-22,133083,63397.42,2.099186370675652
Mumbai-Delhi,Long,2024-04-29,170573,80804.63,2.1109310196705313
Mumbai-Delhi,Long,2024-05-06,195391,99471.38,1.9642936490878078
Mumbai-Delhi,Long,2024-05-13,206522,100765.41,2.0495326719754328
Mumbai-Delhi,Long,2024-05-20,159961,75431.8,2.1206043074671426
Mumbai-Delhi,Long,2024-05-27,159688,75724.66,2.1087978473591034
Mumbai-Delhi,Long,2024-06-03,217072,104010.02,2.0870296919469875
Mumbai-Delhi,Long,2024-06-10,114709,58150.47,1.972623781028769
Mumbai-Delhi,Long,2024-06-17,214065,102129.26,2.096020278615551
Mumbai-Delhi,Long,2024-06-24,270199,129122.12,2.0925849110903694
Mumbai-Delhi,Long,2024-07-01,250303,127177.84000000001,1.9681337566355899
Mumbai-Delhi,Long,2024-07-08,164699,79082.11,2.0826328483142396
Mumbai-Delhi,Long,2024-07-15,229901,113512.38,2.025338557785503
Mumbai-Delhi,Long,2024-07-22,210130,100006.2,2.1011697274768966
Mumbai-Delhi,Long,2024-07-29,227741,110459.29000000001,2.061764112371173
Mumbai-Delhi,Long,2024-08-05,230476,113556.51,2.0296150348403628
Mumbai-Delhi,Long,2024-08-12,198250,99302.68,1.9964214460274388
Mumbai-Delhi,Long,2024-08-19,191602,94035.0,2.0375604827989577
Mumbai-Delhi,Long,2024-08-26,179946,90724.98000000001,1.9834228676600423
Mumbai-Delhi,Long,2024-09-02,197426,99927.29000000001,1.9756965289461965
Mumbai-Delhi,Long,2024-09-09,218722,110146.19,1.9857427660457434
Mumbai-Delhi,Long,2024-09-16,194466,94618.1,2.0552727226608862
Mumbai-Delhi,Long,2024-09-23,129357,63432.450000000004,2.0392874624896247
Mumbai-Delhi,Long,2024-09-30,196820,95448.18000000001,2.062061319555805
Mumbai-Delhi,Long,2024-10-07,249248,116964.73,2.130967172753701
Mumbai-Delhi,Long,2024-10-14,118645,58179.399999999994,2.039295695727354
Mumbai-Delhi,Long,2024-10-21,196382,99530.93,1.9730751033874596
Mumbai-Delhi,Long,2024-10-28,146031,72886.9,2.0035287548242553
Mumbai-Delhi,Long,2024-11-04,198259,98239.2,2.018125147598922
Mumbai-Delhi,Long,2024-11-11,162243,77250.82999999999,2.100210444340857
Mumbai-Delhi,Long,2024-11-18,219243,106336.41,2.0617867388978053
Mumbai-Delhi,Long,2024-11-25,169283,86774.95999999999,1.9508277503095366
Mumbai-Delhi,Long,2024-12-02,210955,102476.02,2.058579168082445
Mumbai-Delhi,Long,2024-12-09,138680,69259.47,2.0023254581647825
Mumbai-Delhi,Long,2024-12-16,162290,81143.53,2.0000362320939207
Mumbai-Delhi,Long,2024-12-23,232593,113588.98999999999,2.047672049905541
Mumbai-Delhi,Long,2024-12-30,202839,101885.23,1.9908577523945326
Mumbai-Delhi,Long,2025-01-06,257712,123873.26000000001,2.0804490008578123
Mumbai-Delhi,Long,2025-01-13,175083,86382.65000000001,2.0268306193431203
Mumbai-Delhi,Long,2025-01-20,128667,61642.72,2.0873024422024207
Mumbai-Delhi,Long,2025-01-27,220864,111417.39,1.98231173787144
Mumbai-Delhi,Long,2025-02-03,174960,85910.49,2.03653826209116
Mumbai-Delhi,Long,2025-02-10,127862,63733.22,2.006206496392305
Mumbai-Delhi,Long,2025-02-17,210037,105902.55,1.983304462451565
Mumbai-Delhi,Long,2025-02-24,155785,75810.92,2.0549150439013273
Mumbai-Delhi,Long,2025-03-03,218659,108111.11,2.022539589131959
Mumbai-Delhi,Long,2025-03-10,182887,89068.65,2.0533262825921357
Mumbai-Delhi,Long,2025-03-17,207645,101191.55,2.0519994011357667
Mumbai-Delhi,Long,2025-03-24,143807,69924.7,2.0565980261624293
Mumbai-Delhi,Long,2025-03-31,113169,55712.95,2.031287160346024
Mumbai-Delhi,Long,2025-04-07,153891,75788.26999999999,2.0305384988996322
Mumbai-Delhi,Long,2025-04-14,245201,123135.34,1.9913129731886883
Mumbai-Delhi,Long,2025-04-21,138859,69297.98,2.0037957816375025
Mumbai-Delhi,Long,2025-04-28,174901,88074.26,1.9858355891948454
Mumbai-Delhi,Long,2025-05-05,171409,78890.03,2.1727587123493297
Mumbai-Delhi,Long,2025-05-12,170002,74638.2,2.277680865830098
Mumbai-Delhi,Long,2025-05-19,144850,68335.65,2.1196842350954443
Mumbai-Delhi,Long,2025-05-26,252641,115492.45,2.1875109585085433
Mumbai-Delhi,Long,2025-06-02,174801,77438.58,2.257285709526182
Mumbai-Delhi,Long,2025-06-09,197528,89379.0,2.210004587207286
Mumbai-Delhi,Long,2025-06-16,251250,111679.35,2.2497444693222155
Mumbai-Delhi,Long,2025-06-23,212669,95624.1,2.2240104743469478
Mumbai-Delhi,Long,2025-06-30,262986,123183.98000000001,2.1349042302416272
Mumbai-Delhi,Long,2025-07-07,128220,60581.95,2.116471985467619
Mumbai-Delhi,Long,2025-07-14,299558,141505.11,2.1169412185892087
Mumbai-Delhi,Long,2025-07-21,148023,67110.52,2.205660155814617
Mumbai-Delhi,Long,2025-07-28,145389,65171.76,2.2308588873462982
Mumbai-Delhi,Long,2025-08-04,190828,90447.35,2.1098241131442768
Mumbai-Delhi,Long,2025-08-11,148897,68881.25,2.1616477633608566
Mumbai-Delhi,Long,2025-08-18,170150,76504.45999999999,2.2240533427724345
Mumbai-Delhi,Long,2025-08-25,111280,52940.07,2.101999487344841
Mumbai-Delhi,Long,2025-09-01,258328,118893.48,2.1727684310359154
Mumbai-Delhi,Long,2025-09-08,111791,53338.630000000005,2.0958731036023983
Mumbai-Delhi,Long,2025-09-15,140366,64515.44,2.175696236435805
Mumbai-Delhi,Long,2025-09-22,115338,52008.880000000005,2.2176597534882503
Mumbai-Delhi,Long,2025-09-29,269776,123497.62,2.184463149978113
Mumbai-Delhi,Long,2025-10-06,195565,86308.54,2.2658823796579113
Mumbai-Delhi,Long,2025-10-13,182528,85172.72,2.1430335910371303
Mumbai-Delhi,Long,2025-10-20,181057,85803.81,2.1101277437447123
Mumbai-Delhi,Long,2025-10-27,186492,87985.25,2.1195825436649893
Mumbai-Delhi,Long,2025-11-03,132280,62079.33,2.1308219660231513
Mumbai-Delhi,Long,2025-11-10,155922,73720.95,2.115029716790139
Mumbai-Delhi,Long,2025-11-17,275672,130766.23000000001,2.1081283753458364
Mumbai-Delhi,Long,2025-11-24,195075,87157.65,2.2381856325864686
Mumbai-Delhi,Long,2025-12-01,268896,125057.57999999999,2.1501775422169533
Mumbai-Delhi,Long,2025-12-08,217468,100419.48,2.165595758910522
Mumbai-Delhi,Long,2025-12-15,131274,61230.03,2.14394799414601
Mumbai-Delhi,Long,2025-12-22,244332,110265.43,2.215853146357839
Mumbai-Pune,Short,2024-01-01,34849,10556.220000000001,3.3012764038642617
Mumbai-Pune,Short,2024-01-08,19157,5664.5,3.3819401535881366
Mumbai-Pune,Short,2024-01-15,26887,7881.2300000000005,3.411523328211459
Mumbai-Pune,Short,2024-01-22,27538,8150.01,3.378891559642258
Mumbai-Pune,Short,2024-01-29,35824,10924.09,3.279357822939943
Mumbai-Pune,Short,2024-02-05,29429,8943.580000000002,3.2905167729253826
Mumbai-Pune,Short,2024-02-12,39068,11907.57,3.280938092322783
Mumbai-Pune,Short,2024-02-19,46401,13727.060000000001,3.380257680814391
Mumbai-Pune,Short,2024-02-26,15465,4758.57,3.249925923123964
Mumbai-Pune,Short,2024-03-04,26244,7696.45,3.40988377758577
Mumbai-Pune,Short,2024-03-11,23401,7003.99,3.3410955755219525
Mumbai-Pune,Short,2024-03-18,25846,7569.33,3.4145690569706963
Mumbai-Pune,Short,2024-03-25,31642,8954.82,3.5335160282395406
Mumbai-Pune,Short,2024-04-01,35782,10748.7,3.3289607115279054
Mumbai-Pune,Short,2024-04-08,32045,9174.75,3.4927382217499114
Mumbai-Pune,Short,2024-04-15,20513,5745.26,3.5704215300961137
Mumbai-Pune,Short,2024-04-22,27038,8130.51,3.325498646456372
Mumbai-Pune,Short,2024-04-29,41594,11830.380000000001,3.515863395765816
Mumbai-Pune,Short,2024-05-06,22435,6402.64,3.5040233403720964
Mumbai-Pune,Short,2024-05-13,26011,7876.900000000001,3.302187408752174
Mumbai-Pune,Short,2024-05-20,24154,7225.57,3.342850460240507
Mumbai-Pune,Short,2024-05-27,37864,10992.779999999999,3.4444426250684543
Mumbai-Pune,Short,2024-06-03,25490,7542.09,3.3796997914371216
Mumbai-Pune,Short,2024-06-10,37371,10575.95,3.5335832714791575
Mumbai-Pune,Short,2024-06-17,30914,9279.66,3.3313720545795857
Mumbai-Pune,Short,2024-06-24,38345,11446.28,3.3499966801441166
Mumbai-Pune,Short,2024-07-01,39325,11679.88,3.366901029805101
Mumbai-Pune,Short,2024-07-08,30111,8492.029999999999,3.545795292762744
Mumbai-Pune,Short,2024-07-15,26754,7767.98,3.4441386306349915
Mumbai-Pune,Short,2024-07-22,33387,9496.18,3.5158347883043497
Mumbai-Pune,Short,2024-07-29,39314,11597.16,3.3899678886899896
Mumbai-Pune,Short,2024-08-05,22177,6579.64,3.3705491485856367
Mumbai-Pune,Short,2024-08-12,21044,6290.8,3.345202517962739
Mumbai-Pune,Short,2024-08-19,34387,10049.52,3.4217554669277734
Mumbai-Pune,Short,2024-08-26,47994,14151.04,3.391552846999231
Mumbai-Pune,Short,2024-09-02,39728,12084.15,3.2876122855144962
Mumbai-Pune,Short,2024-09-09,44259,13513.98,3.275052945172333
Mumbai-Pune,Short,2024-09-16,40888,11921.359999999999,3.4298100216753795
Mumbai-Pune,Short,2024-09-23,30114,8683.82,3.4678286744773614
Mumbai-Pune,Short,2024-09-30,27058,7906.47,3.422260503106949
Mumbai-Pune,Short,2024-10-07,37970,10808.07,3.513115662648373
Mumbai-Pune,Short,2024-10-14,26157,7797.6,3.3544936903662665
Mumbai-Pune,Short,2024-10-21,35932,10766.08,3.3375193199381763
Mumbai-Pune,Short,2024-10-28,45846,13128.82,3.492012229583466
Mumbai-Pune,Short,2024-11-04,44076,12877.26,3.422777826960083
Mumbai-Pune,Short,2024-11-11,39475,11449.51,3.4477457987285045
Mumbai-Pune,Short,2024-11-18,27703,8104.77,3.4181105694547775
Mumbai-Pune,Short,2024-11-25,26516,7726.23,3.4319454636996314
Mumbai-Pune,Short,2024-12-02,25020,7272.21,3.4404947051859063
Mumbai-Pune,Short,2024-12-09,29655,8650.380000000001,3.428173097598024
Mumbai-Pune,Short,2024-12-16,39097,11022.720000000001,3.54694667015038
Mumbai-Pune,Short,2024-12-23,19865,5664.6900000000005,3.506811493656316
Mumbai-Pune,Short,2024-12-30,44440,13058.9,3.4030431353329913
Mumbai-Pune,Short,2025-01-06,44306,12666.080000000002,3.498004118085469
Mumbai-Pune,Short,2025-01-13,19403,5499.33,3.52824798657291
Mumbai-Pune,Short,2025-01-20,35692,10185.580000000002,3.5041696201885406
Mumbai-Pune,Short,2025-01-27,23970,7078.620000000001,3.3862532527526548
Mumbai-Pune,Short,2025-02-03,25075,7524.6900000000005,3.3323631936996736
Mumbai-Pune,Short,2025-02-10,35911,10600.27,3.387743897089414
Mumbai-Pune,Short,2025-02-17,25517,7486.26,3.4085110589266203
Mumbai-Pune,Short,2025-02-24,38846,11390.449999999999,3.4104008182293066
Mumbai-Pune,Short,2025-03-03,32151,9185.84,3.500060963395835
Mumbai-Pune,Short,2025-03-10,44175,12566.73,3.515234273355121
Mumbai-Pune,Short,2025-03-17,23471,6922.8,3.3903911712024035
Mumbai-Pune,Short,2025-03-24,26460,7906.070000000001,3.346795563408874
Mumbai-Pune,Short,2025-03-31,21658,6700.619999999999,3.232238210792435
Mumbai-Pune,Short,2025-04-07,35201,9982.65,3.526217988209544
Mumbai-Pune,Short,2025-04-14,41400,12178.79,3.3993524808293762
Mumbai-Pune,Short,2025-04-21,27382,8313.1,3.293837437297759
Mumbai-Pune,Short,2025-04-28,39430,11546.86,3.4147811612854055
Mumbai-Pune,Short,2025-05-05,32029,8860.5,3.6148072907849444
Mumbai-Pune,Short,2025-05-12,39132,10889.96,3.59340162865612
Mumbai-Pune,Short,2025-05-19,35349,10176.02,3.473754965104235
Mumbai-Pune,Short,2025-05-26,24399,7016.0,3.4776225769669327
Mumbai-Pune,Short,2025-06-02,45810,12827.46,3.5712448138602655
Mumbai-Pune,Short,2025-06-09,41097,11828.23,3.4744843480385486
Mumbai-Pune,Short,2025-06-16,28364,7625.69,3.7195322652769782
Mumbai-Pune,Short,2025-06-23,26293,6988.68,3.762226915526251
Mumbai-Pune,Short,2025-06-30,36279,10235.9,3.544290194316084
Mumbai-Pune,Short,2025-07-07,45027,12370.34,3.6399161219497604
Mumbai-Pune,Short,2025-07-14,41384,11522.220000000001,3.591668966570678
Mumbai-Pune,Short,2025-07-21,40014,11343.009999999998,3.5276350809882038
Mumbai-Pune,Short,2025-07-28,37406,10496.87,3.563538464323174
Mumbai-Pune,Short,2025-08-04,27008,7250.33,3.725071824316962
Mumbai-Pune,Short,2025-08-11,36607,10368.32,3.530658775963705
Mumbai-Pune,Short,2025-08-18,37780,9980.919999999998,3.785222203965166
Mumbai-Pune,Short,2025-08-25,46601,12831.29,3.6318250152556755
Mumbai-Pune,Short,2025-09-01,39105,10658.619999999999,3.6688614473543484
Mumbai-Pune,Short,2025-09-08,23499,6321.41,3.717366853281151
Mumbai-Pune,Short,2025-09-15,34203,8591.97,3.9808099888616932
Mumbai-Pune,Short,2025-09-22,23816,6272.530000000001,3.7968730320939077
Mumbai-Pune,Short,2025-09-29,18951,4960.17,3.8206351798426263
Mumbai-Pune,Short,2025-10-06,44675,11333.27,3.941933793159432
Mumbai-Pune,Short,2025-10-13,36894,9544.310000000001,3.865549212043615
Mumbai-Pune,Short,2025-10-20,39114,9550.869999999999,4.095333723524663
Mumbai-Pune,Short,2025-10-27,29049,7131.679999999999,4.073233796244364
Mumbai-Pune,Short,2025-11-03,44487,10593.72,4.1993747238930235
Mumbai-Pune,Short,2025-11-10,41258,10397.6,3.9680310840963298
Mumbai-Pune,Short,2025-11-17,30600,7079.93,4.322076630701151
Mumbai-Pune,Short,2025-11-24,30766,7402.039999999999,4.15642174319512
Mumbai-Pune,Short,2025-12-01,62633,14258.11,4.39279820396953
Mumbai-Pune,Short,2025-12-08,33602,7581.78,4.43194078435407
Mumbai-Pune,Short,2025-12-15,31391,7153.68,4.388091164267901
Mumbai-Pune,Short,2025-12-22,32197,7178.280000000001,4.485336320121254
